scenario,replication,kpi,value
S1,1,avg_journey_time,38.506227017558004
S1,1,avg_jt_eminonu,31.54589484686534
S1,1,avg_jt_besiktas,53.37605590903488
S1,1,avg_jt_kadikoy,34.900010306615435
S1,1,avg_jt_uskudar,36.4310587351097
S1,1,loss_rate,0.0
S1,1,left_behind_rate,0.08807291859646522
S1,1,throughput,1767.3333333333333
S1,1,load_factor_L1,0.3787828947368421
S1,1,load_factor_L2,0.5449137931034482
S1,1,load_factor_L3,0.44025862068965516
S1,1,load_factor_L4,0.5296052631578947
S1,1,avg_wait_kadikoy,15.239646395114178
S1,1,avg_wait_uskudar,16.59188464993085
S1,1,avg_wait_eminonu,8.41479901966658
S1,1,avg_wait_besiktas,14.406095725413905
S1,1,berth_util_kadikoy,0.14888888888888888
S1,1,berth_util_eminonu,0.14888888888888888
S1,1,missed_conn_rate,0.0
S1,1,total_pax_served,26510.0
S1,2,avg_journey_time,40.81773612869001
S1,2,avg_jt_eminonu,31.64303135943972
S1,2,avg_jt_besiktas,61.05416754428209
S1,2,avg_jt_kadikoy,35.17372192327135
S1,2,avg_jt_uskudar,36.2766204017535
S1,2,loss_rate,0.0
S1,2,left_behind_rate,0.13832766926840198
S1,2,throughput,1754.9333333333334
S1,2,load_factor_L1,0.3707894736842105
S1,2,load_factor_L2,0.5424137931034483
S1,2,load_factor_L3,0.4437931034482759
S1,2,load_factor_L4,0.5367105263157895
S1,2,avg_wait_kadikoy,18.685033889974203
S1,2,avg_wait_uskudar,19.217142908371283
S1,2,avg_wait_eminonu,8.403479759469416
S1,2,avg_wait_besiktas,15.013842035763831
S1,2,berth_util_kadikoy,0.14888888888888888
S1,2,berth_util_eminonu,0.14888888888888888
S1,2,missed_conn_rate,0.0
S1,2,total_pax_served,26324.0
S1,3,avg_journey_time,40.93302160826038
S1,3,avg_jt_eminonu,31.63196713444334
S1,3,avg_jt_besiktas,61.38681701841096
S1,3,avg_jt_kadikoy,35.335978146460306
S1,3,avg_jt_uskudar,36.3911352189618
S1,3,loss_rate,0.0
S1,3,left_behind_rate,0.1344569010319994
S1,3,throughput,1766.0666666666666
S1,3,load_factor_L1,0.36851973684210526
S1,3,load_factor_L2,0.5500862068965517
S1,3,load_factor_L3,0.45189655172413795
S1,3,load_factor_L4,0.5413157894736842
S1,3,avg_wait_kadikoy,18.23911283846387
S1,3,avg_wait_uskudar,20.531157214946827
S1,3,avg_wait_eminonu,8.532913387969298
S1,3,avg_wait_besiktas,14.780586393259224
S1,3,berth_util_kadikoy,0.14888888888888888
S1,3,berth_util_eminonu,0.14888888888888888
S1,3,missed_conn_rate,0.0
S1,3,total_pax_served,26491.0
S1,4,avg_journey_time,40.161923885454044
S1,4,avg_jt_eminonu,31.591727256930028
S1,4,avg_jt_besiktas,58.57703531177645
S1,4,avg_jt_kadikoy,35.23701781853709
S1,4,avg_jt_uskudar,37.03207122111458
S1,4,loss_rate,0.0
S1,4,left_behind_rate,0.1252211736950752
S1,4,throughput,1778.6
S1,4,load_factor_L1,0.3767434210526316
S1,4,load_factor_L2,0.5558620689655173
S1,4,load_factor_L3,0.43801724137931036
S1,4,load_factor_L4,0.5432894736842105
S1,4,avg_wait_kadikoy,17.637644643437383
S1,4,avg_wait_uskudar,18.230152127792405
S1,4,avg_wait_eminonu,8.504214417225654
S1,4,avg_wait_besiktas,15.141937782822776
S1,4,berth_util_kadikoy,0.14888888888888888
S1,4,berth_util_eminonu,0.14888888888888888
S1,4,missed_conn_rate,0.0
S1,4,total_pax_served,26679.0
S1,5,avg_journey_time,40.147354498928564
S1,5,avg_jt_eminonu,31.520257961471756
S1,5,avg_jt_besiktas,59.00487309245461
S1,5,avg_jt_kadikoy,35.08716772000556
S1,5,avg_jt_uskudar,35.80909037101059
S1,5,loss_rate,0.0
S1,5,left_behind_rate,0.1256875278727516
S1,5,throughput,1762.7333333333333
S1,5,load_factor_L1,0.3717105263157895
S1,5,load_factor_L2,0.5527586206896552
S1,5,load_factor_L3,0.43724137931034485
S1,5,load_factor_L4,0.5390789473684211
S1,5,avg_wait_kadikoy,16.699084732710265
S1,5,avg_wait_uskudar,20.797486779757374
S1,5,avg_wait_eminonu,8.246896447244914
S1,5,avg_wait_besiktas,14.409566798706058
S1,5,berth_util_kadikoy,0.14888888888888888
S1,5,berth_util_eminonu,0.14888888888888888
S1,5,missed_conn_rate,0.0
S1,5,total_pax_served,26441.0
S1,6,avg_journey_time,39.47071261678306
S1,6,avg_jt_eminonu,31.497804476044287
S1,6,avg_jt_besiktas,56.85434973815934
S1,6,avg_jt_kadikoy,35.29614691641891
S1,6,avg_jt_uskudar,36.11605585944649
S1,6,loss_rate,0.0
S1,6,left_behind_rate,0.10787645928771981
S1,6,throughput,1774.5333333333333
S1,6,load_factor_L1,0.3793092105263158
S1,6,load_factor_L2,0.550948275862069
S1,6,load_factor_L3,0.445948275862069
S1,6,load_factor_L4,0.5255263157894737
S1,6,avg_wait_kadikoy,16.675240127392616
S1,6,avg_wait_uskudar,17.610567587092483
S1,6,avg_wait_eminonu,8.436566826259467
S1,6,avg_wait_besiktas,14.783228473035544
S1,6,berth_util_kadikoy,0.14888888888888888
S1,6,berth_util_eminonu,0.14888888888888888
S1,6,missed_conn_rate,0.0
S1,6,total_pax_served,26618.0
S1,7,avg_journey_time,39.34456112763225
S1,7,avg_jt_eminonu,31.577199433086406
S1,7,avg_jt_besiktas,56.02063322706599
S1,7,avg_jt_kadikoy,35.215600761259495
S1,7,avg_jt_uskudar,36.0476426224202
S1,7,loss_rate,0.0
S1,7,left_behind_rate,0.10531415368562272
S1,7,throughput,1760.9333333333334
S1,7,load_factor_L1,0.37292763157894737
S1,7,load_factor_L2,0.5450862068965517
S1,7,load_factor_L3,0.44275862068965516
S1,7,load_factor_L4,0.531578947368421
S1,7,avg_wait_kadikoy,15.917461159832543
S1,7,avg_wait_uskudar,18.774841715354004
S1,7,avg_wait_eminonu,8.422960944149875
S1,7,avg_wait_besiktas,14.666730871217881
S1,7,berth_util_kadikoy,0.14888888888888888
S1,7,berth_util_eminonu,0.14888888888888888
S1,7,missed_conn_rate,0.0
S1,7,total_pax_served,26414.0
S1,8,avg_journey_time,40.129644349477985
S1,8,avg_jt_eminonu,31.484709269143217
S1,8,avg_jt_besiktas,58.63062013415801
S1,8,avg_jt_kadikoy,35.08743244108127
S1,8,avg_jt_uskudar,36.568725129387516
S1,8,loss_rate,0.0
S1,8,left_behind_rate,0.12265592961264586
S1,8,throughput,1757.0666666666666
S1,8,load_factor_L1,0.37006578947368424
S1,8,load_factor_L2,0.5524137931034483
S1,8,load_factor_L3,0.43948275862068964
S1,8,load_factor_L4,0.531578947368421
S1,8,avg_wait_kadikoy,17.370726619721726
S1,8,avg_wait_uskudar,18.938532707173326
S1,8,avg_wait_eminonu,8.450143656055683
S1,8,avg_wait_besiktas,14.80197651721234
S1,8,berth_util_kadikoy,0.14888888888888888
S1,8,berth_util_eminonu,0.14888888888888888
S1,8,missed_conn_rate,0.0
S1,8,total_pax_served,26356.0
S1,9,avg_journey_time,39.759933649097114
S1,9,avg_jt_eminonu,31.522994693921127
S1,9,avg_jt_besiktas,57.56599454964277
S1,9,avg_jt_kadikoy,35.1801063437505
S1,9,avg_jt_uskudar,36.35745353949671
S1,9,loss_rate,0.0
S1,9,left_behind_rate,0.11515689757252812
S1,9,throughput,1771.0666666666666
S1,9,load_factor_L1,0.37332236842105265
S1,9,load_factor_L2,0.5531034482758621
S1,9,load_factor_L3,0.4460344827586207
S1,9,load_factor_L4,0.5367105263157895
S1,9,avg_wait_kadikoy,17.01001498367066
S1,9,avg_wait_uskudar,18.11517502185668
S1,9,avg_wait_eminonu,8.31141304004339
S1,9,avg_wait_besiktas,14.57113209221192
S1,9,berth_util_kadikoy,0.14888888888888888
S1,9,berth_util_eminonu,0.14888888888888888
S1,9,missed_conn_rate,0.0
S1,9,total_pax_served,26566.0
S1,10,avg_journey_time,41.327150295222125
S1,10,avg_jt_eminonu,31.48514485797474
S1,10,avg_jt_besiktas,62.84042918878641
S1,10,avg_jt_kadikoy,35.40859869720539
S1,10,avg_jt_uskudar,36.776764634816914
S1,10,loss_rate,0.0
S1,10,left_behind_rate,0.13326249450388392
S1,10,throughput,1788.4666666666667
S1,10,load_factor_L1,0.3761184210526316
S1,10,load_factor_L2,0.5731896551724138
S1,10,load_factor_L3,0.44241379310344825
S1,10,load_factor_L4,0.5330263157894737
S1,10,avg_wait_kadikoy,20.852735192077663
S1,10,avg_wait_uskudar,16.51289107728299
S1,10,avg_wait_eminonu,8.361839377820028
S1,10,avg_wait_besiktas,15.225657521608408
S1,10,berth_util_kadikoy,0.14888888888888888
S1,10,berth_util_eminonu,0.14888888888888888
S1,10,missed_conn_rate,0.0
S1,10,total_pax_served,26827.0
S1,11,avg_journey_time,39.95603746194323
S1,11,avg_jt_eminonu,31.629618478238218
S1,11,avg_jt_besiktas,57.89243439815125
S1,11,avg_jt_kadikoy,35.3237036810484
S1,11,avg_jt_uskudar,36.38782218469246
S1,11,loss_rate,0.0
S1,11,left_behind_rate,0.11833247022268255
S1,11,throughput,1771.0666666666666
S1,11,load_factor_L1,0.37463815789473687
S1,11,load_factor_L2,0.5597413793103448
S1,11,load_factor_L3,0.44241379310344825
S1,11,load_factor_L4,0.5298684210526315
S1,11,avg_wait_kadikoy,17.277899252619925
S1,11,avg_wait_uskudar,18.266772156551546
S1,11,avg_wait_eminonu,8.396635242406301
S1,11,avg_wait_besiktas,14.833702711776416
S1,11,berth_util_kadikoy,0.14888888888888888
S1,11,berth_util_eminonu,0.14888888888888888
S1,11,missed_conn_rate,0.0
S1,11,total_pax_served,26566.0
S1,12,avg_journey_time,41.16932597169485
S1,12,avg_jt_eminonu,31.611275522451738
S1,12,avg_jt_besiktas,62.61527608054607
S1,12,avg_jt_kadikoy,35.10997425252403
S1,12,avg_jt_uskudar,36.56318088801316
S1,12,loss_rate,0.0
S1,12,left_behind_rate,0.14053005344461528
S1,12,throughput,1789.2
S1,12,load_factor_L1,0.37976973684210524
S1,12,load_factor_L2,0.5531896551724138
S1,12,load_factor_L3,0.45663793103448275
S1,12,load_factor_L4,0.5348684210526315
S1,12,avg_wait_kadikoy,19.60232166466903
S1,12,avg_wait_uskudar,18.91820149056726
S1,12,avg_wait_eminonu,8.725618863469315
S1,12,avg_wait_besiktas,14.68784019834088
S1,12,berth_util_kadikoy,0.14888888888888888
S1,12,berth_util_eminonu,0.14888888888888888
S1,12,missed_conn_rate,0.0
S1,12,total_pax_served,26838.0
S1,13,avg_journey_time,40.17227914956159
S1,13,avg_jt_eminonu,31.493386593174115
S1,13,avg_jt_besiktas,58.79212833166617
S1,13,avg_jt_kadikoy,35.28595047373296
S1,13,avg_jt_uskudar,36.478174144392895
S1,13,loss_rate,0.0
S1,13,left_behind_rate,0.13004566882734236
S1,13,throughput,1779.2
S1,13,load_factor_L1,0.37546052631578947
S1,13,load_factor_L2,0.5625
S1,13,load_factor_L3,0.44155172413793103
S1,13,load_factor_L4,0.535
S1,13,avg_wait_kadikoy,17.804992163910832
S1,13,avg_wait_uskudar,18.143005673247025
S1,13,avg_wait_eminonu,8.505855589170453
S1,13,avg_wait_besiktas,14.670903989278969
S1,13,berth_util_kadikoy,0.14888888888888888
S1,13,berth_util_eminonu,0.14888888888888888
S1,13,missed_conn_rate,0.0
S1,13,total_pax_served,26688.0
S1,14,avg_journey_time,41.61186577496982
S1,14,avg_jt_eminonu,31.529130394043136
S1,14,avg_jt_besiktas,64.07662157558708
S1,14,avg_jt_kadikoy,34.970671517439506
S1,14,avg_jt_uskudar,36.299301238502075
S1,14,loss_rate,0.0
S1,14,left_behind_rate,0.13286739010483722
S1,14,throughput,1782.4666666666667
S1,14,load_factor_L1,0.37796052631578947
S1,14,load_factor_L2,0.560948275862069
S1,14,load_factor_L3,0.4432758620689655
S1,14,load_factor_L4,0.5307894736842105
S1,14,avg_wait_kadikoy,21.636992168330586
S1,14,avg_wait_uskudar,16.535036972419068
S1,14,avg_wait_eminonu,8.366157976342866
S1,14,avg_wait_besiktas,14.558763121956797
S1,14,berth_util_kadikoy,0.14888888888888888
S1,14,berth_util_eminonu,0.14888888888888888
S1,14,missed_conn_rate,0.0
S1,14,total_pax_served,26737.0
S1,15,avg_journey_time,39.02356708430257
S1,15,avg_jt_eminonu,31.69634804559052
S1,15,avg_jt_besiktas,54.84685510337867
S1,15,avg_jt_kadikoy,35.07583269868605
S1,15,avg_jt_uskudar,36.19811198489311
S1,15,loss_rate,0.0
S1,15,left_behind_rate,0.09790337951763067
S1,15,throughput,1789.9333333333334
S1,15,load_factor_L1,0.38151315789473683
S1,15,load_factor_L2,0.5578448275862069
S1,15,load_factor_L3,0.45155172413793104
S1,15,load_factor_L4,0.5260526315789473
S1,15,avg_wait_kadikoy,15.640005975263524
S1,15,avg_wait_uskudar,18.009738573626723
S1,15,avg_wait_eminonu,8.663591533918888
S1,15,avg_wait_besiktas,14.269321433600426
S1,15,berth_util_kadikoy,0.14888888888888888
S1,15,berth_util_eminonu,0.14888888888888888
S1,15,missed_conn_rate,0.0
S1,15,total_pax_served,26849.0
S1,16,avg_journey_time,40.294539725131294
S1,16,avg_jt_eminonu,31.590334375514505
S1,16,avg_jt_besiktas,59.434181593757174
S1,16,avg_jt_kadikoy,35.10053523254212
S1,16,avg_jt_uskudar,36.77580058340192
S1,16,loss_rate,0.0
S1,16,left_behind_rate,0.1254904836994389
S1,16,throughput,1788.2
S1,16,load_factor_L1,0.3806578947368421
S1,16,load_factor_L2,0.5525862068965517
S1,16,load_factor_L3,0.44741379310344825
S1,16,load_factor_L4,0.5367105263157895
S1,16,avg_wait_kadikoy,16.61389532327252
S1,16,avg_wait_uskudar,21.158098570196103
S1,16,avg_wait_eminonu,8.574666064020827
S1,16,avg_wait_besiktas,14.773670550424686
S1,16,berth_util_kadikoy,0.14888888888888888
S1,16,berth_util_eminonu,0.14888888888888888
S1,16,missed_conn_rate,0.0
S1,16,total_pax_served,26823.0
S1,17,avg_journey_time,40.67663598311423
S1,17,avg_jt_eminonu,31.744519150195913
S1,17,avg_jt_besiktas,60.49168882356774
S1,17,avg_jt_kadikoy,35.372290293550456
S1,17,avg_jt_uskudar,36.525895847219005
S1,17,loss_rate,0.0
S1,17,left_behind_rate,0.12917170385023996
S1,17,throughput,1790.0
S1,17,load_factor_L1,0.3817763157894737
S1,17,load_factor_L2,0.5574137931034483
S1,17,load_factor_L3,0.4432758620689655
S1,17,load_factor_L4,0.5389473684210526
S1,17,avg_wait_kadikoy,18.672225697653776
S1,17,avg_wait_uskudar,18.48370334316997
S1,17,avg_wait_eminonu,8.49403813868067
S1,17,avg_wait_besiktas,14.905419871834987
S1,17,berth_util_kadikoy,0.14888888888888888
S1,17,berth_util_eminonu,0.14888888888888888
S1,17,missed_conn_rate,0.0
S1,17,total_pax_served,26850.0
S1,18,avg_journey_time,40.917129615179064
S1,18,avg_jt_eminonu,31.656433373089275
S1,18,avg_jt_besiktas,61.437509097601826
S1,18,avg_jt_kadikoy,35.10398760498569
S1,18,avg_jt_uskudar,36.549299928768725
S1,18,loss_rate,0.0
S1,18,left_behind_rate,0.13883491586318145
S1,18,throughput,1788.5333333333333
S1,18,load_factor_L1,0.3776973684210526
S1,18,load_factor_L2,0.5612931034482759
S1,18,load_factor_L3,0.44689655172413795
S1,18,load_factor_L4,0.5392105263157895
S1,18,avg_wait_kadikoy,19.01808469219984
S1,18,avg_wait_uskudar,19.023939468963952
S1,18,avg_wait_eminonu,8.459230384070473
S1,18,avg_wait_besiktas,14.710533376530956
S1,18,berth_util_kadikoy,0.14888888888888888
S1,18,berth_util_eminonu,0.14888888888888888
S1,18,missed_conn_rate,0.0
S1,18,total_pax_served,26828.0
S1,19,avg_journey_time,41.46195584739743
S1,19,avg_jt_eminonu,31.60869652016198
S1,19,avg_jt_besiktas,63.428142150563545
S1,19,avg_jt_kadikoy,35.177721303731595
S1,19,avg_jt_uskudar,36.585827110457295
S1,19,loss_rate,0.0
S1,19,left_behind_rate,0.14278867423683822
S1,19,throughput,1778.1333333333334
S1,19,load_factor_L1,0.3773355263157895
S1,19,load_factor_L2,0.5557758620689656
S1,19,load_factor_L3,0.44620689655172413
S1,19,load_factor_L4,0.5318421052631579
S1,19,avg_wait_kadikoy,20.07412324063882
S1,19,avg_wait_uskudar,18.979984740779692
S1,19,avg_wait_eminonu,8.516299156790117
S1,19,avg_wait_besiktas,15.07218486793487
S1,19,berth_util_kadikoy,0.14888888888888888
S1,19,berth_util_eminonu,0.14888888888888888
S1,19,missed_conn_rate,0.0
S1,19,total_pax_served,26672.0
S1,20,avg_journey_time,39.60199596034084
S1,20,avg_jt_eminonu,31.601584248592346
S1,20,avg_jt_besiktas,56.7191652486157
S1,20,avg_jt_kadikoy,35.13204149810203
S1,20,avg_jt_uskudar,36.14787432344436
S1,20,loss_rate,0.0
S1,20,left_behind_rate,0.11319415916644882
S1,20,throughput,1753.7333333333333
S1,20,load_factor_L1,0.3736184210526316
S1,20,load_factor_L2,0.5510344827586207
S1,20,load_factor_L3,0.4324137931034483
S1,20,load_factor_L4,0.5255263157894737
S1,20,avg_wait_kadikoy,17.07593582831076
S1,20,avg_wait_uskudar,17.27969549673095
S1,20,avg_wait_eminonu,8.434231629706105
S1,20,avg_wait_besiktas,14.424698602614097
S1,20,berth_util_kadikoy,0.14888888888888888
S1,20,berth_util_eminonu,0.14888888888888888
S1,20,missed_conn_rate,0.0
S1,20,total_pax_served,26306.0
S2,1,avg_journey_time,30.58131756904833
S2,1,avg_jt_eminonu,27.34939283388729
S2,1,avg_jt_besiktas,35.97082064491271
S2,1,avg_jt_kadikoy,30.799939710225612
S2,1,avg_jt_uskudar,30.123061536281465
S2,1,loss_rate,0.0
S2,1,left_behind_rate,0.0017414502204601875
S2,1,throughput,1771.8666666666666
S2,1,load_factor_L1,0.25296052631578947
S2,1,load_factor_L2,0.37176470588235294
S2,1,load_factor_L3,0.29870588235294115
S2,1,load_factor_L4,0.34801724137931034
S2,1,avg_wait_kadikoy,4.748284061829035
S2,1,avg_wait_uskudar,9.302914334958498
S2,1,avg_wait_eminonu,4.340765419523685
S2,1,avg_wait_besiktas,8.68974023570749
S2,1,berth_util_kadikoy,0.22
S2,1,berth_util_eminonu,0.22
S2,1,missed_conn_rate,0.0
S2,1,total_pax_served,26578.0
S2,2,avg_journey_time,30.591714733717286
S2,2,avg_jt_eminonu,27.369707959186325
S2,2,avg_jt_besiktas,35.940834402256215
S2,2,avg_jt_kadikoy,30.704076664276364
S2,2,avg_jt_uskudar,29.87751846744998
S2,2,loss_rate,0.0
S2,2,left_behind_rate,0.0017925831870635248
S2,2,throughput,1758.5333333333333
S2,2,load_factor_L1,0.24717105263157896
S2,2,load_factor_L2,0.37023529411764705
S2,2,load_factor_L3,0.3014705882352941
S2,2,load_factor_L4,0.3514655172413793
S2,2,avg_wait_kadikoy,4.766634200233323
S2,2,avg_wait_uskudar,9.393966974186386
S2,2,avg_wait_eminonu,4.371952168878633
S2,2,avg_wait_besiktas,8.569212836838714
S2,2,berth_util_kadikoy,0.22
S2,2,berth_util_eminonu,0.22
S2,2,missed_conn_rate,0.0
S2,2,total_pax_served,26378.0
S2,3,avg_journey_time,30.516652002050055
S2,3,avg_jt_eminonu,27.273859782499546
S2,3,avg_jt_besiktas,35.73565649585162
S2,3,avg_jt_kadikoy,30.982302277505298
S2,3,avg_jt_uskudar,29.61684715557767
S2,3,loss_rate,0.0
S2,3,left_behind_rate,0.0011507907045808894
S2,3,throughput,1769.3333333333333
S2,3,load_factor_L1,0.2456578947368421
S2,3,load_factor_L2,0.3749411764705882
S2,3,load_factor_L3,0.3069411764705882
S2,3,load_factor_L4,0.35482758620689653
S2,3,avg_wait_kadikoy,4.690980904195424
S2,3,avg_wait_uskudar,9.104546144731582
S2,3,avg_wait_eminonu,4.33913073929031
S2,3,avg_wait_besiktas,8.512663159755109
S2,3,berth_util_kadikoy,0.22
S2,3,berth_util_eminonu,0.22
S2,3,missed_conn_rate,0.0
S2,3,total_pax_served,26540.0
S2,4,avg_journey_time,30.59288026663659
S2,4,avg_jt_eminonu,27.33253494456062
S2,4,avg_jt_besiktas,35.728344700518534
S2,4,avg_jt_kadikoy,30.89506472951851
S2,4,avg_jt_uskudar,30.29404963306321
S2,4,loss_rate,0.0
S2,4,left_behind_rate,0.001474491300501327
S2,4,throughput,1780.2
S2,4,load_factor_L1,0.25107456140350876
S2,4,load_factor_L2,0.3790588235294118
S2,4,load_factor_L3,0.29770588235294115
S2,4,load_factor_L4,0.3568965517241379
S2,4,avg_wait_kadikoy,4.713509436067307
S2,4,avg_wait_uskudar,9.218185371596736
S2,4,avg_wait_eminonu,4.3723515561759205
S2,4,avg_wait_besiktas,8.732439492793935
S2,4,berth_util_kadikoy,0.22
S2,4,berth_util_eminonu,0.22
S2,4,missed_conn_rate,0.0
S2,4,total_pax_served,26703.0
S2,5,avg_journey_time,30.542929370105213
S2,5,avg_jt_eminonu,27.384720386355653
S2,5,avg_jt_besiktas,35.734853068219316
S2,5,avg_jt_kadikoy,30.797529342431545
S2,5,avg_jt_uskudar,29.634535446270476
S2,5,loss_rate,0.0
S2,5,left_behind_rate,0.001746692433477033
S2,5,throughput,1765.7333333333333
S2,5,load_factor_L1,0.24833333333333332
S2,5,load_factor_L2,0.3771764705882353
S2,5,load_factor_L3,0.2972941176470588
S2,5,load_factor_L4,0.35310344827586204
S2,5,avg_wait_kadikoy,4.740967017428045
S2,5,avg_wait_uskudar,9.2557556874638
S2,5,avg_wait_eminonu,4.249854685079816
S2,5,avg_wait_besiktas,8.440325609904736
S2,5,berth_util_kadikoy,0.22
S2,5,berth_util_eminonu,0.22
S2,5,missed_conn_rate,0.0
S2,5,total_pax_served,26486.0
S2,6,avg_journey_time,30.510112955808765
S2,6,avg_jt_eminonu,27.27579240487306
S2,6,avg_jt_besiktas,35.97725503586093
S2,6,avg_jt_kadikoy,30.893035005605306
S2,6,avg_jt_uskudar,29.552575067423128
S2,6,loss_rate,0.0
S2,6,left_behind_rate,0.0014408157233633812
S2,6,throughput,1777.6666666666667
S2,6,load_factor_L1,0.2530921052631579
S2,6,load_factor_L2,0.3763529411764706
S2,6,load_factor_L3,0.30258823529411766
S2,6,load_factor_L4,0.34327586206896554
S2,6,avg_wait_kadikoy,4.738454618414281
S2,6,avg_wait_uskudar,9.261948634950883
S2,6,avg_wait_eminonu,4.195540386642448
S2,6,avg_wait_besiktas,8.59984076355091
S2,6,berth_util_kadikoy,0.22
S2,6,berth_util_eminonu,0.22
S2,6,missed_conn_rate,0.0
S2,6,total_pax_served,26665.0
S2,7,avg_journey_time,30.40200810981813
S2,7,avg_jt_eminonu,27.172787893492494
S2,7,avg_jt_besiktas,35.6739408904117
S2,7,avg_jt_kadikoy,30.758191124978826
S2,7,avg_jt_uskudar,29.624728451113388
S2,7,loss_rate,0.0
S2,7,left_behind_rate,0.0015279123500037267
S2,7,throughput,1763.5333333333333
S2,7,load_factor_L1,0.24892543859649122
S2,7,load_factor_L2,0.3725294117647059
S2,7,load_factor_L3,0.3004117647058824
S2,7,load_factor_L4,0.34793103448275864
S2,7,avg_wait_kadikoy,4.6692589829411055
S2,7,avg_wait_uskudar,8.907478509567161
S2,7,avg_wait_eminonu,4.308401160908479
S2,7,avg_wait_besiktas,8.303476533264183
S2,7,berth_util_kadikoy,0.22
S2,7,berth_util_eminonu,0.22
S2,7,missed_conn_rate,0.0
S2,7,total_pax_served,26453.0
S2,8,avg_journey_time,30.544680598414477
S2,8,avg_jt_eminonu,27.244396889993887
S2,8,avg_jt_besiktas,35.813897746085594
S2,8,avg_jt_kadikoy,30.762967603185015
S2,8,avg_jt_uskudar,29.993052446452896
S2,8,loss_rate,0.0
S2,8,left_behind_rate,0.0011557245647392164
S2,8,throughput,1760.8
S2,8,load_factor_L1,0.24677631578947368
S2,8,load_factor_L2,0.377
S2,8,load_factor_L3,0.29864705882352943
S2,8,load_factor_L4,0.34913793103448276
S2,8,avg_wait_kadikoy,4.787262549059031
S2,8,avg_wait_uskudar,8.975195009035403
S2,8,avg_wait_eminonu,4.30697083040954
S2,8,avg_wait_besiktas,8.57880476443125
S2,8,berth_util_kadikoy,0.22
S2,8,berth_util_eminonu,0.22
S2,8,missed_conn_rate,0.0
S2,8,total_pax_served,26412.0
S2,9,avg_journey_time,30.48248309697518
S2,9,avg_jt_eminonu,27.292706822690555
S2,9,avg_jt_besiktas,35.69774227435551
S2,9,avg_jt_kadikoy,30.840747919832747
S2,9,avg_jt_uskudar,29.75687671274925
S2,9,loss_rate,0.0
S2,9,left_behind_rate,0.0017391947898164595
S2,9,throughput,1775.4666666666667
S2,9,load_factor_L1,0.2488157894736842
S2,9,load_factor_L2,0.37776470588235295
S2,9,load_factor_L3,0.30323529411764705
S2,9,load_factor_L4,0.3514655172413793
S2,9,avg_wait_kadikoy,4.653252172266309
S2,9,avg_wait_uskudar,9.124228709289742
S2,9,avg_wait_eminonu,4.257933197910815
S2,9,avg_wait_besiktas,8.334369542541657
S2,9,berth_util_kadikoy,0.22
S2,9,berth_util_eminonu,0.22
S2,9,missed_conn_rate,0.0
S2,9,total_pax_served,26632.0
S2,10,avg_journey_time,30.61020194041074
S2,10,avg_jt_eminonu,27.36842804903768
S2,10,avg_jt_besiktas,35.796058858467376
S2,10,avg_jt_kadikoy,30.968730509516178
S2,10,avg_jt_uskudar,29.885064819850236
S2,10,loss_rate,0.0
S2,10,left_behind_rate,0.001135863989447457
S2,10,throughput,1791.8666666666666
S2,10,load_factor_L1,0.2507894736842105
S2,10,load_factor_L2,0.3915294117647059
S2,10,load_factor_L3,0.301
S2,10,load_factor_L4,0.35051724137931034
S2,10,avg_wait_kadikoy,4.666060440569712
S2,10,avg_wait_uskudar,9.353438453177766
S2,10,avg_wait_eminonu,4.3640777675417075
S2,10,avg_wait_besiktas,8.426101466110852
S2,10,berth_util_kadikoy,0.22
S2,10,berth_util_eminonu,0.22
S2,10,missed_conn_rate,0.0
S2,10,total_pax_served,26878.0
S2,11,avg_journey_time,30.586321100405755
S2,11,avg_jt_eminonu,27.327415863903685
S2,11,avg_jt_besiktas,35.86150028471129
S2,11,avg_jt_kadikoy,30.913880783919936
S2,11,avg_jt_uskudar,29.924563540682236
S2,11,loss_rate,0.0
S2,11,left_behind_rate,0.0017755419101871718
S2,11,throughput,1775.6
S2,11,load_factor_L1,0.2493421052631579
S2,11,load_factor_L2,0.38223529411764706
S2,11,load_factor_L3,0.30023529411764704
S2,11,load_factor_L4,0.3468965517241379
S2,11,avg_wait_kadikoy,4.737008177907772
S2,11,avg_wait_uskudar,9.294738882274013
S2,11,avg_wait_eminonu,4.331431963050621
S2,11,avg_wait_besiktas,8.524546342187962
S2,11,berth_util_kadikoy,0.22
S2,11,berth_util_eminonu,0.22
S2,11,missed_conn_rate,0.0
S2,11,total_pax_served,26634.0
S2,12,avg_journey_time,30.48861519794539
S2,12,avg_jt_eminonu,27.32785805321553
S2,12,avg_jt_besiktas,35.754101285947655
S2,12,avg_jt_kadikoy,30.773213205767107
S2,12,avg_jt_uskudar,29.703341408425025
S2,12,loss_rate,0.0
S2,12,left_behind_rate,0.0017204773409473606
S2,12,throughput,1793.3333333333333
S2,12,load_factor_L1,0.25335526315789475
S2,12,load_factor_L2,0.3773529411764706
S2,12,load_factor_L3,0.31070588235294117
S2,12,load_factor_L4,0.35172413793103446
S2,12,avg_wait_kadikoy,4.704035941548516
S2,12,avg_wait_uskudar,9.197274244247847
S2,12,avg_wait_eminonu,4.279990720433309
S2,12,avg_wait_besiktas,8.644136927740574
S2,12,berth_util_kadikoy,0.22
S2,12,berth_util_eminonu,0.22
S2,12,missed_conn_rate,0.0
S2,12,total_pax_served,26900.0
S2,13,avg_journey_time,30.530453904866338
S2,13,avg_jt_eminonu,27.33219248382165
S2,13,avg_jt_besiktas,35.6777010339105
S2,13,avg_jt_kadikoy,31.013252192445126
S2,13,avg_jt_uskudar,29.5458796452728
S2,13,loss_rate,0.0
S2,13,left_behind_rate,0.001804655274012964
S2,13,throughput,1783.6
S2,13,load_factor_L1,0.25024122807017546
S2,13,load_factor_L2,0.3836470588235294
S2,13,load_factor_L3,0.3008823529411765
S2,13,load_factor_L4,0.3507758620689655
S2,13,avg_wait_kadikoy,4.797015178203404
S2,13,avg_wait_uskudar,8.941609252886035
S2,13,avg_wait_eminonu,4.245319773004254
S2,13,avg_wait_besiktas,8.431567762751564
S2,13,berth_util_kadikoy,0.22
S2,13,berth_util_eminonu,0.22
S2,13,missed_conn_rate,0.0
S2,13,total_pax_served,26754.0
S2,14,avg_journey_time,30.527193474749097
S2,14,avg_jt_eminonu,27.31590111618666
S2,14,avg_jt_besiktas,35.727413351319065
S2,14,avg_jt_kadikoy,30.738566723328677
S2,14,avg_jt_uskudar,29.826228243380772
S2,14,loss_rate,0.0
S2,14,left_behind_rate,0.0013978296854883208
S2,14,throughput,1785.5333333333333
S2,14,load_factor_L1,0.25184210526315787
S2,14,load_factor_L2,0.3825294117647059
S2,14,load_factor_L3,0.30117647058823527
S2,14,load_factor_L4,0.34767241379310343
S2,14,avg_wait_kadikoy,4.659952328714536
S2,14,avg_wait_uskudar,9.304156629766608
S2,14,avg_wait_eminonu,4.209978437491872
S2,14,avg_wait_besiktas,8.689933009127033
S2,14,berth_util_kadikoy,0.22
S2,14,berth_util_eminonu,0.22
S2,14,missed_conn_rate,0.0
S2,14,total_pax_served,26783.0
S2,15,avg_journey_time,30.557497358016875
S2,15,avg_jt_eminonu,27.32606433802408
S2,15,avg_jt_besiktas,35.93248154801833
S2,15,avg_jt_kadikoy,30.835817542836466
S2,15,avg_jt_uskudar,29.81028821152203
S2,15,loss_rate,0.0
S2,15,left_behind_rate,0.0018327102118613004
S2,15,throughput,1792.8666666666666
S2,15,load_factor_L1,0.25453947368421054
S2,15,load_factor_L2,0.3800588235294118
S2,15,load_factor_L3,0.3073529411764706
S2,15,load_factor_L4,0.3448275862068966
S2,15,avg_wait_kadikoy,4.795184504603642
S2,15,avg_wait_uskudar,9.185797104965458
S2,15,avg_wait_eminonu,4.4009251750916345
S2,15,avg_wait_besiktas,8.453877016405198
S2,15,berth_util_kadikoy,0.22
S2,15,berth_util_eminonu,0.22
S2,15,missed_conn_rate,0.0
S2,15,total_pax_served,26893.0
S2,16,avg_journey_time,30.519205238041135
S2,16,avg_jt_eminonu,27.359241128021072
S2,16,avg_jt_besiktas,35.57254197677829
S2,16,avg_jt_kadikoy,30.858104831583358
S2,16,avg_jt_uskudar,30.157961453417688
S2,16,loss_rate,0.0
S2,16,left_behind_rate,0.001686897209285269
S2,16,throughput,1792.1333333333334
S2,16,load_factor_L1,0.2537938596491228
S2,16,load_factor_L2,0.3774705882352941
S2,16,load_factor_L3,0.30423529411764705
S2,16,load_factor_L4,0.3513793103448276
S2,16,avg_wait_kadikoy,4.690516933706275
S2,16,avg_wait_uskudar,9.049621847460257
S2,16,avg_wait_eminonu,4.34907394899051
S2,16,avg_wait_besiktas,8.796892762366296
S2,16,berth_util_kadikoy,0.22
S2,16,berth_util_eminonu,0.22
S2,16,missed_conn_rate,0.0
S2,16,total_pax_served,26882.0
S2,17,avg_journey_time,30.461029919275557
S2,17,avg_jt_eminonu,27.258766149400373
S2,17,avg_jt_besiktas,35.699578949754276
S2,17,avg_jt_kadikoy,30.82454936435103
S2,17,avg_jt_uskudar,29.73691978225128
S2,17,loss_rate,0.0
S2,17,left_behind_rate,0.0016851668681540095
S2,17,throughput,1792.9333333333334
S2,17,load_factor_L1,0.2543859649122807
S2,17,load_factor_L2,0.3801176470588235
S2,17,load_factor_L3,0.3014117647058824
S2,17,load_factor_L4,0.3523275862068965
S2,17,avg_wait_kadikoy,4.7146726800386665
S2,17,avg_wait_uskudar,9.001942970465016
S2,17,avg_wait_eminonu,4.322826991725183
S2,17,avg_wait_besiktas,8.283418171406117
S2,17,berth_util_kadikoy,0.22
S2,17,berth_util_eminonu,0.22
S2,17,missed_conn_rate,0.0
S2,17,total_pax_served,26894.0
S2,18,avg_journey_time,30.525531343863463
S2,18,avg_jt_eminonu,27.255798762133487
S2,18,avg_jt_besiktas,35.78209415043787
S2,18,avg_jt_kadikoy,30.755429766051495
S2,18,avg_jt_uskudar,30.055333445021382
S2,18,loss_rate,0.0
S2,18,left_behind_rate,0.001356454155515636
S2,18,throughput,1792.6
S2,18,load_factor_L1,0.2519736842105263
S2,18,load_factor_L2,0.3831764705882353
S2,18,load_factor_L3,0.30370588235294116
S2,18,load_factor_L4,0.3535344827586207
S2,18,avg_wait_kadikoy,4.6557422536285715
S2,18,avg_wait_uskudar,9.234988213127613
S2,18,avg_wait_eminonu,4.35137717400042
S2,18,avg_wait_besiktas,8.50268923461921
S2,18,berth_util_kadikoy,0.22
S2,18,berth_util_eminonu,0.22
S2,18,missed_conn_rate,0.0
S2,18,total_pax_served,26889.0
S2,19,avg_journey_time,30.59230409911012
S2,19,avg_jt_eminonu,27.417004624102677
S2,19,avg_jt_besiktas,35.86095715136727
S2,19,avg_jt_kadikoy,30.824980408668527
S2,19,avg_jt_uskudar,29.67005208746002
S2,19,loss_rate,0.0
S2,19,left_behind_rate,0.0022120631175342868
S2,19,throughput,1781.1333333333334
S2,19,load_factor_L1,0.25157894736842107
S2,19,load_factor_L2,0.37870588235294117
S2,19,load_factor_L3,0.30305882352941177
S2,19,load_factor_L4,0.3477586206896552
S2,19,avg_wait_kadikoy,4.793965349469816
S2,19,avg_wait_uskudar,9.276761801490945
S2,19,avg_wait_eminonu,4.348885695237642
S2,19,avg_wait_besiktas,8.556708640929978
S2,19,berth_util_kadikoy,0.22
S2,19,berth_util_eminonu,0.22
S2,19,missed_conn_rate,0.0
S2,19,total_pax_served,26717.0
S2,20,avg_journey_time,30.570859475639118
S2,20,avg_jt_eminonu,27.40267031666247
S2,20,avg_jt_besiktas,35.803411151704275
S2,20,avg_jt_kadikoy,30.809978534533812
S2,20,avg_jt_uskudar,29.705687705714197
S2,20,loss_rate,0.0
S2,20,left_behind_rate,0.001120364491914703
S2,20,throughput,1757.7333333333333
S2,20,load_factor_L1,0.2494078947368421
S2,20,load_factor_L2,0.3760588235294118
S2,20,load_factor_L3,0.29370588235294115
S2,20,load_factor_L4,0.3439655172413793
S2,20,avg_wait_kadikoy,4.7634485973061915
S2,20,avg_wait_uskudar,9.284111592171413
S2,20,avg_wait_eminonu,4.282672617631987
S2,20,avg_wait_besiktas,8.420006731521518
S2,20,berth_util_kadikoy,0.22
S2,20,berth_util_eminonu,0.22
S2,20,missed_conn_rate,0.0
S2,20,total_pax_served,26366.0
S3,1,avg_journey_time,36.166279827818286
S3,1,avg_jt_eminonu,32.08929301326068
S3,1,avg_jt_besiktas,43.677616192722816
S3,1,avg_jt_kadikoy,34.900010306615435
S3,1,avg_jt_uskudar,36.4310587351097
S3,1,loss_rate,0.0
S3,1,left_behind_rate,0.023379895512986772
S3,1,throughput,1767.3333333333333
S3,1,load_factor_L1,0.3849013157894737
S3,1,load_factor_L2,0.5288793103448276
S3,1,load_factor_L3,0.4433620689655172
S3,1,load_factor_L4,0.5248684210526315
S3,1,avg_wait_kadikoy,9.989283322854389
S3,1,avg_wait_uskudar,15.980439275371051
S3,1,avg_wait_eminonu,8.257713654440083
S3,1,avg_wait_besiktas,14.406095725413905
S3,1,berth_util_kadikoy,0.14888888888888888
S3,1,berth_util_eminonu,0.2822222222222222
S3,1,missed_conn_rate,0.0
S3,1,total_pax_served,26510.0
S3,2,avg_journey_time,36.449592989349476
S3,2,avg_jt_eminonu,32.209427023396366
S3,2,avg_jt_besiktas,44.130811914404724
S3,2,avg_jt_kadikoy,35.168689421698694
S3,2,avg_jt_uskudar,36.2766204017535
S3,2,loss_rate,0.0
S3,2,left_behind_rate,0.030175150315569332
S3,2,throughput,1754.9333333333334
S3,2,load_factor_L1,0.3792434210526316
S3,2,load_factor_L2,0.5202586206896552
S3,2,load_factor_L3,0.4505172413793103
S3,2,load_factor_L4,0.5264473684210527
S3,2,avg_wait_kadikoy,10.1431868804601
S3,2,avg_wait_uskudar,16.191716935270357
S3,2,avg_wait_eminonu,8.177529455586791
S3,2,avg_wait_besiktas,15.001337678189884
S3,2,berth_util_kadikoy,0.14888888888888888
S3,2,berth_util_eminonu,0.2822222222222222
S3,2,missed_conn_rate,0.0
S3,2,total_pax_served,26324.0
S3,3,avg_journey_time,36.537944034744854
S3,3,avg_jt_eminonu,32.158567047373246
S3,3,avg_jt_besiktas,44.39042512276844
S3,3,avg_jt_kadikoy,35.3384412006475
S3,3,avg_jt_uskudar,36.38635379819677
S3,3,loss_rate,0.0
S3,3,left_behind_rate,0.028212933402628256
S3,3,throughput,1766.0666666666666
S3,3,load_factor_L1,0.37700657894736844
S3,3,load_factor_L2,0.5278448275862069
S3,3,load_factor_L3,0.46
S3,3,load_factor_L4,0.5289473684210526
S3,3,avg_wait_kadikoy,9.959427485743552
S3,3,avg_wait_uskudar,16.69256681081489
S3,3,avg_wait_eminonu,8.279736511123824
S3,3,avg_wait_besiktas,14.763494701084555
S3,3,berth_util_kadikoy,0.14888888888888888
S3,3,berth_util_eminonu,0.2822222222222222
S3,3,missed_conn_rate,0.0
S3,3,total_pax_served,26491.0
S3,4,avg_journey_time,36.45458852805683
S3,4,avg_jt_eminonu,32.059033122007335
S3,4,avg_jt_besiktas,44.11239304888127
S3,4,avg_jt_kadikoy,35.23721955345741
S3,4,avg_jt_uskudar,37.03207122111458
S3,4,loss_rate,0.0
S3,4,left_behind_rate,0.024918902978472428
S3,4,throughput,1778.6
S3,4,load_factor_L1,0.38473684210526315
S3,4,load_factor_L2,0.5349137931034482
S3,4,load_factor_L3,0.44413793103448274
S3,4,load_factor_L4,0.5339473684210526
S3,4,avg_wait_kadikoy,9.983375240661568
S3,4,avg_wait_uskudar,16.327440089100413
S3,4,avg_wait_eminonu,8.280378897596552
S3,4,avg_wait_besiktas,15.138724132927548
S3,4,berth_util_kadikoy,0.14888888888888888
S3,4,berth_util_eminonu,0.2822222222222222
S3,4,missed_conn_rate,0.0
S3,4,total_pax_served,26679.0
S3,5,avg_journey_time,36.45543664408192
S3,5,avg_jt_eminonu,32.07602786676814
S3,5,avg_jt_besiktas,44.580365737472654
S3,5,avg_jt_kadikoy,35.08450977684465
S3,5,avg_jt_uskudar,35.80909037101059
S3,5,loss_rate,0.0
S3,5,left_behind_rate,0.030511372082651998
S3,5,throughput,1762.7333333333333
S3,5,load_factor_L1,0.37914473684210526
S3,5,load_factor_L2,0.5332758620689655
S3,5,load_factor_L3,0.44698275862068965
S3,5,load_factor_L4,0.5242105263157895
S3,5,avg_wait_kadikoy,10.028253146499397
S3,5,avg_wait_uskudar,16.758078580714354
S3,5,avg_wait_eminonu,8.020209691212475
S3,5,avg_wait_besiktas,14.391565717527326
S3,5,berth_util_kadikoy,0.14888888888888888
S3,5,berth_util_eminonu,0.2822222222222222
S3,5,missed_conn_rate,0.0
S3,5,total_pax_served,26441.0
S3,6,avg_journey_time,36.4476455193302
S3,6,avg_jt_eminonu,32.21206584936172
S3,6,avg_jt_besiktas,44.36187329321489
S3,6,avg_jt_kadikoy,35.29532012849002
S3,6,avg_jt_uskudar,36.11127933266382
S3,6,loss_rate,0.0
S3,6,left_behind_rate,0.030072410226097235
S3,6,throughput,1774.5333333333333
S3,6,load_factor_L1,0.38664473684210526
S3,6,load_factor_L2,0.5317241379310345
S3,6,load_factor_L3,0.45189655172413795
S3,6,load_factor_L4,0.5164473684210527
S3,6,avg_wait_kadikoy,10.270674728416218
S3,6,avg_wait_uskudar,16.28320518224578
S3,6,avg_wait_eminonu,8.251024072920243
S3,6,avg_wait_besiktas,14.76297538376465
S3,6,berth_util_kadikoy,0.14888888888888888
S3,6,berth_util_eminonu,0.2822222222222222
S3,6,missed_conn_rate,0.003424657534246575
S3,6,total_pax_served,26618.0
S3,7,avg_journey_time,36.26255915897926
S3,7,avg_jt_eminonu,31.98826903079255
S3,7,avg_jt_besiktas,43.95507782715005
S3,7,avg_jt_kadikoy,35.21580610006853
S3,7,avg_jt_uskudar,36.046261406950585
S3,7,loss_rate,0.0
S3,7,left_behind_rate,0.021390772900052174
S3,7,throughput,1760.9333333333334
S3,7,load_factor_L1,0.37970394736842106
S3,7,load_factor_L2,0.5273275862068966
S3,7,load_factor_L3,0.4503448275862069
S3,7,load_factor_L4,0.52
S3,7,avg_wait_kadikoy,9.849961729572945
S3,7,avg_wait_uskudar,16.311569353668027
S3,7,avg_wait_eminonu,8.218919363338012
S3,7,avg_wait_besiktas,14.647670753058557
S3,7,berth_util_kadikoy,0.14888888888888888
S3,7,berth_util_eminonu,0.2822222222222222
S3,7,missed_conn_rate,0.0034129692832764505
S3,7,total_pax_served,26414.0
S3,8,avg_journey_time,36.527807955488
S3,8,avg_jt_eminonu,31.940767740435923
S3,8,avg_jt_besiktas,44.72768998556754
S3,8,avg_jt_kadikoy,35.088652945556454
S3,8,avg_jt_uskudar,36.568725129387516
S3,8,loss_rate,0.0
S3,8,left_behind_rate,0.02676807217686314
S3,8,throughput,1757.0666666666666
S3,8,load_factor_L1,0.3773684210526316
S3,8,load_factor_L2,0.5332758620689655
S3,8,load_factor_L3,0.44698275862068965
S3,8,load_factor_L4,0.5201315789473684
S3,8,avg_wait_kadikoy,10.159488926828432
S3,8,avg_wait_uskudar,16.506262009030117
S3,8,avg_wait_eminonu,8.237314354007204
S3,8,avg_wait_besiktas,14.796102575201383
S3,8,berth_util_kadikoy,0.14888888888888888
S3,8,berth_util_eminonu,0.2822222222222222
S3,8,missed_conn_rate,0.0
S3,8,total_pax_served,26356.0
S3,9,avg_journey_time,36.457404100049466
S3,9,avg_jt_eminonu,32.134994006281445
S3,9,avg_jt_besiktas,44.36084493238459
S3,9,avg_jt_kadikoy,35.185021355014065
S3,9,avg_jt_uskudar,36.35745353949671
S3,9,loss_rate,0.0
S3,9,left_behind_rate,0.02989934872705743
S3,9,throughput,1771.0666666666666
S3,9,load_factor_L1,0.3815789473684211
S3,9,load_factor_L2,0.5314655172413794
S3,9,load_factor_L3,0.4522413793103448
S3,9,load_factor_L4,0.5272368421052631
S3,9,avg_wait_kadikoy,10.153219575396339
S3,9,avg_wait_uskudar,16.276148698877847
S3,9,avg_wait_eminonu,8.081507820882319
S3,9,avg_wait_besiktas,14.5506145528969
S3,9,berth_util_kadikoy,0.14888888888888888
S3,9,berth_util_eminonu,0.2822222222222222
S3,9,missed_conn_rate,0.0
S3,9,total_pax_served,26566.0
S3,10,avg_journey_time,36.51759275990323
S3,10,avg_jt_eminonu,32.084229565685646
S3,10,avg_jt_besiktas,44.214590032737625
S3,10,avg_jt_kadikoy,35.405815950236594
S3,10,avg_jt_uskudar,36.776764634816914
S3,10,loss_rate,0.0
S3,10,left_behind_rate,0.02978894914260589
S3,10,throughput,1788.4666666666667
S3,10,load_factor_L1,0.3854276315789474
S3,10,load_factor_L2,0.5487931034482758
S3,10,load_factor_L3,0.445
S3,10,load_factor_L4,0.5290789473684211
S3,10,avg_wait_kadikoy,10.288924279332223
S3,10,avg_wait_uskudar,15.98925136499573
S3,10,avg_wait_eminonu,8.131211768670768
S3,10,avg_wait_besiktas,15.214469490744529
S3,10,berth_util_kadikoy,0.14888888888888888
S3,10,berth_util_eminonu,0.2822222222222222
S3,10,missed_conn_rate,0.0
S3,10,total_pax_served,26827.0
S3,11,avg_journey_time,36.45855948257111
S3,11,avg_jt_eminonu,32.10413912083625
S3,11,avg_jt_besiktas,44.245685472600165
S3,11,avg_jt_kadikoy,35.328994686339406
S3,11,avg_jt_uskudar,36.38782218469246
S3,11,loss_rate,0.0
S3,11,left_behind_rate,0.02600429089294962
S3,11,throughput,1771.0666666666666
S3,11,load_factor_L1,0.3818092105263158
S3,11,load_factor_L2,0.540948275862069
S3,11,load_factor_L3,0.44810344827586207
S3,11,load_factor_L4,0.5211842105263158
S3,11,avg_wait_kadikoy,10.205788357766808
S3,11,avg_wait_uskudar,16.19781202632869
S3,11,avg_wait_eminonu,8.201536121333671
S3,11,avg_wait_besiktas,14.828265288437402
S3,11,berth_util_kadikoy,0.14888888888888888
S3,11,berth_util_eminonu,0.2822222222222222
S3,11,missed_conn_rate,0.0035211267605633804
S3,11,total_pax_served,26566.0
S3,12,avg_journey_time,36.65319213161736
S3,12,avg_jt_eminonu,32.47394888244493
S3,12,avg_jt_besiktas,44.498172632270204
S3,12,avg_jt_kadikoy,35.11120958297493
S3,12,avg_jt_uskudar,36.56318088801316
S3,12,loss_rate,0.0
S3,12,left_behind_rate,0.038692437220880005
S3,12,throughput,1789.2
S3,12,load_factor_L1,0.3886513157894737
S3,12,load_factor_L2,0.5299137931034483
S3,12,load_factor_L3,0.46206896551724136
S3,12,load_factor_L4,0.526578947368421
S3,12,avg_wait_kadikoy,10.763131014304959
S3,12,avg_wait_uskudar,16.027939339579678
S3,12,avg_wait_eminonu,8.471097816113732
S3,12,avg_wait_besiktas,14.681791324332206
S3,12,berth_util_kadikoy,0.14888888888888888
S3,12,berth_util_eminonu,0.2822222222222222
S3,12,missed_conn_rate,0.0
S3,12,total_pax_served,26838.0
S3,13,avg_journey_time,36.498043538050794
S3,13,avg_jt_eminonu,32.24957887763083
S3,13,avg_jt_besiktas,44.107498141949364
S3,13,avg_jt_kadikoy,35.28595047373296
S3,13,avg_jt_uskudar,36.476757713797994
S3,13,loss_rate,0.0
S3,13,left_behind_rate,0.03498821449616971
S3,13,throughput,1779.2
S3,13,load_factor_L1,0.3830592105263158
S3,13,load_factor_L2,0.5425862068965517
S3,13,load_factor_L3,0.4488793103448276
S3,13,load_factor_L4,0.5238157894736842
S3,13,avg_wait_kadikoy,10.347694172261477
S3,13,avg_wait_uskudar,15.92572583608164
S3,13,avg_wait_eminonu,8.309558668666838
S3,13,avg_wait_besiktas,14.65539268110826
S3,13,berth_util_kadikoy,0.14888888888888888
S3,13,berth_util_eminonu,0.2822222222222222
S3,13,missed_conn_rate,0.0031645569620253164
S3,13,total_pax_served,26688.0
S3,14,avg_journey_time,36.53504339399963
S3,14,avg_jt_eminonu,32.19948189244542
S3,14,avg_jt_besiktas,44.52061176364922
S3,14,avg_jt_kadikoy,34.97087423383926
S3,14,avg_jt_uskudar,36.299301238502075
S3,14,loss_rate,0.0
S3,14,left_behind_rate,0.0330697075593158
S3,14,throughput,1782.4666666666667
S3,14,load_factor_L1,0.38842105263157894
S3,14,load_factor_L2,0.5335344827586207
S3,14,load_factor_L3,0.4460344827586207
S3,14,load_factor_L4,0.526578947368421
S3,14,avg_wait_kadikoy,10.44662119126325
S3,14,avg_wait_uskudar,16.1177989876386
S3,14,avg_wait_eminonu,8.089847199646266
S3,14,avg_wait_besiktas,14.555365723570908
S3,14,berth_util_kadikoy,0.14888888888888888
S3,14,berth_util_eminonu,0.2822222222222222
S3,14,missed_conn_rate,0.0
S3,14,total_pax_served,26737.0
S3,15,avg_journey_time,36.402240405469094
S3,15,avg_jt_eminonu,32.097641992981345
S3,15,avg_jt_besiktas,44.41308670571136
S3,15,avg_jt_kadikoy,35.08873852647391
S3,15,avg_jt_uskudar,36.19335169927597
S3,15,loss_rate,0.0
S3,15,left_behind_rate,0.022175793563521735
S3,15,throughput,1789.9333333333334
S3,15,load_factor_L1,0.3890789473684211
S3,15,load_factor_L2,0.5380172413793104
S3,15,load_factor_L3,0.45629310344827584
S3,15,load_factor_L4,0.5188157894736842
S3,15,avg_wait_kadikoy,10.133903406611955
S3,15,avg_wait_uskudar,16.512272145933476
S3,15,avg_wait_eminonu,8.45282788550418
S3,15,avg_wait_besiktas,14.236544414245403
S3,15,berth_util_kadikoy,0.14888888888888888
S3,15,berth_util_eminonu,0.2822222222222222
S3,15,missed_conn_rate,0.007017543859649123
S3,15,total_pax_served,26849.0
S3,16,avg_journey_time,36.59141181251898
S3,16,avg_jt_eminonu,32.17661455232511
S3,16,avg_jt_besiktas,44.73420927158723
S3,16,avg_jt_kadikoy,35.10053523254212
S3,16,avg_jt_uskudar,36.774398058857734
S3,16,loss_rate,0.0
S3,16,left_behind_rate,0.03183101690564377
S3,16,throughput,1788.2
S3,16,load_factor_L1,0.38789473684210524
S3,16,load_factor_L2,0.5336206896551724
S3,16,load_factor_L3,0.4554310344827586
S3,16,load_factor_L4,0.5244736842105263
S3,16,avg_wait_kadikoy,10.203973921758262
S3,16,avg_wait_uskudar,16.689164509974955
S3,16,avg_wait_eminonu,8.357315082301962
S3,16,avg_wait_besiktas,14.75883355694402
S3,16,berth_util_kadikoy,0.14888888888888888
S3,16,berth_util_eminonu,0.2822222222222222
S3,16,missed_conn_rate,0.003194888178913738
S3,16,total_pax_served,26823.0
S3,17,avg_journey_time,36.70088179317009
S3,17,avg_jt_eminonu,32.63290745349411
S3,17,avg_jt_besiktas,44.29713306842058
S3,17,avg_jt_kadikoy,35.372290293550456
S3,17,avg_jt_uskudar,36.525895847219005
S3,17,loss_rate,0.0
S3,17,left_behind_rate,0.036487526101769426
S3,17,throughput,1790.0
S3,17,load_factor_L1,0.38976973684210525
S3,17,load_factor_L2,0.5364655172413794
S3,17,load_factor_L3,0.4492241379310345
S3,17,load_factor_L4,0.5298684210526315
S3,17,avg_wait_kadikoy,10.574861674342575
S3,17,avg_wait_uskudar,16.435319661411615
S3,17,avg_wait_eminonu,8.257918003915389
S3,17,avg_wait_besiktas,14.905419871834987
S3,17,berth_util_kadikoy,0.14888888888888888
S3,17,berth_util_eminonu,0.2822222222222222
S3,17,missed_conn_rate,0.0
S3,17,total_pax_served,26850.0
S3,18,avg_journey_time,36.620797424930075
S3,18,avg_jt_eminonu,32.42817809774188
S3,18,avg_jt_besiktas,44.38125995505827
S3,18,avg_jt_kadikoy,35.11685451290688
S3,18,avg_jt_uskudar,36.549299928768725
S3,18,loss_rate,0.0
S3,18,left_behind_rate,0.036330974813945816
S3,18,throughput,1788.5333333333333
S3,18,load_factor_L1,0.3868092105263158
S3,18,load_factor_L2,0.5374137931034483
S3,18,load_factor_L3,0.45405172413793105
S3,18,load_factor_L4,0.5282894736842105
S3,18,avg_wait_kadikoy,10.467540912996538
S3,18,avg_wait_uskudar,16.25771945373837
S3,18,avg_wait_eminonu,8.241332601338375
S3,18,avg_wait_besiktas,14.689509381216595
S3,18,berth_util_kadikoy,0.14888888888888888
S3,18,berth_util_eminonu,0.2822222222222222
S3,18,missed_conn_rate,0.005555555555555556
S3,18,total_pax_served,26828.0
S3,19,avg_journey_time,36.63764570942503
S3,19,avg_jt_eminonu,32.430601282066746
S3,19,avg_jt_besiktas,44.35927656955333
S3,19,avg_jt_kadikoy,35.17893563281478
S3,19,avg_jt_uskudar,36.585827110457295
S3,19,loss_rate,0.0
S3,19,left_behind_rate,0.03790001474708745
S3,19,throughput,1778.1333333333334
S3,19,load_factor_L1,0.38671052631578945
S3,19,load_factor_L2,0.5312068965517242
S3,19,load_factor_L3,0.45267241379310347
S3,19,load_factor_L4,0.5219736842105264
S3,19,avg_wait_kadikoy,10.383855889454342
S3,19,avg_wait_uskudar,16.45149460116375
S3,19,avg_wait_eminonu,8.25847891935402
S3,19,avg_wait_besiktas,15.065745534033093
S3,19,berth_util_kadikoy,0.14888888888888888
S3,19,berth_util_eminonu,0.2822222222222222
S3,19,missed_conn_rate,0.0
S3,19,total_pax_served,26672.0
S3,20,avg_journey_time,36.438801251909304
S3,20,avg_jt_eminonu,32.2517627733681
S3,20,avg_jt_besiktas,44.1137996661859
S3,20,avg_jt_kadikoy,35.133280143849355
S3,20,avg_jt_uskudar,36.14787432344436
S3,20,loss_rate,0.0
S3,20,left_behind_rate,0.030847369010718155
S3,20,throughput,1753.7333333333333
S3,20,load_factor_L1,0.3813815789473684
S3,20,load_factor_L2,0.5306896551724138
S3,20,load_factor_L3,0.43801724137931036
S3,20,load_factor_L4,0.5169736842105264
S3,20,avg_wait_kadikoy,10.275575605950003
S3,20,avg_wait_uskudar,16.079903240796522
S3,20,avg_wait_eminonu,8.238544149652242
S3,20,avg_wait_besiktas,14.418864991190839
S3,20,berth_util_kadikoy,0.14888888888888888
S3,20,berth_util_eminonu,0.2822222222222222
S3,20,missed_conn_rate,0.0
S3,20,total_pax_served,26306.0
S4,1,avg_journey_time,68.54357572676679
S4,1,avg_jt_eminonu,47.82788508720052
S4,1,avg_jt_besiktas,136.63917242121713
S4,1,avg_jt_kadikoy,39.717250101256575
S4,1,avg_jt_uskudar,45.280018844213004
S4,1,loss_rate,0.03920115602652933
S4,1,left_behind_rate,0.3688539775464078
S4,1,throughput,1678.2666666666667
S4,1,load_factor_L1,0.4567063492063492
S4,1,load_factor_L2,0.653469387755102
S4,1,load_factor_L3,0.4717708333333333
S4,1,load_factor_L4,0.6480769230769231
S4,1,avg_wait_kadikoy,52.46161775802702
S4,1,avg_wait_uskudar,66.38247931460556
S4,1,avg_wait_eminonu,13.944701166719705
S4,1,avg_wait_besiktas,22.774867612883593
S4,1,berth_util_kadikoy,0.12222222222222222
S4,1,berth_util_eminonu,0.12222222222222222
S4,1,missed_conn_rate,0.0
S4,1,total_pax_served,25174.0
S4,2,avg_journey_time,63.05125427092047
S4,2,avg_jt_eminonu,43.450561329616285
S4,2,avg_jt_besiktas,121.65519410497122
S4,2,avg_jt_kadikoy,42.878588081462325
S4,2,avg_jt_uskudar,39.32970403767493
S4,2,loss_rate,0.06587743212458454
S4,2,left_behind_rate,0.30036972028233183
S4,2,throughput,1627.0
S4,2,load_factor_L1,0.4760169491525424
S4,2,load_factor_L2,0.6195098039215686
S4,2,load_factor_L3,0.43625
S4,2,load_factor_L4,0.6132692307692308
S4,2,avg_wait_kadikoy,36.04289873863546
S4,2,avg_wait_uskudar,85.58223628921193
S4,2,avg_wait_eminonu,14.816216728841042
S4,2,avg_wait_besiktas,20.665812840329032
S4,2,berth_util_kadikoy,0.1288888888888889
S4,2,berth_util_eminonu,0.12
S4,2,missed_conn_rate,0.0
S4,2,total_pax_served,24405.0
S4,3,avg_journey_time,75.5999702666782
S4,3,avg_jt_eminonu,42.2735907237967
S4,3,avg_jt_besiktas,170.61620175906708
S4,3,avg_jt_kadikoy,39.84439358159988
S4,3,avg_jt_uskudar,51.646318146102644
S4,3,loss_rate,0.05289925012992798
S4,3,left_behind_rate,0.2787140841933328
S4,3,throughput,1647.0
S4,3,load_factor_L1,0.43358870967741936
S4,3,load_factor_L2,0.6535106382978724
S4,3,load_factor_L3,0.5146808510638298
S4,3,load_factor_L4,0.6815384615384615
S4,3,avg_wait_kadikoy,64.72454083220207
S4,3,avg_wait_uskudar,68.89594677335893
S4,3,avg_wait_eminonu,14.017767720964889
S4,3,avg_wait_besiktas,28.53310454184176
S4,3,berth_util_kadikoy,0.11777777777777777
S4,3,berth_util_eminonu,0.12444444444444444
S4,3,missed_conn_rate,0.0
S4,3,total_pax_served,24705.0
S4,4,avg_journey_time,69.45844316754955
S4,4,avg_jt_eminonu,36.96446996048266
S4,4,avg_jt_besiktas,155.69051370094581
S4,4,avg_jt_kadikoy,47.54587398153891
S4,4,avg_jt_uskudar,48.53155979936211
S4,4,loss_rate,0.04239162488941315
S4,4,left_behind_rate,0.25158507814803893
S4,4,throughput,1664.0666666666666
S4,4,load_factor_L1,0.4473828125
S4,4,load_factor_L2,0.6767777777777778
S4,4,load_factor_L3,0.5225581395348837
S4,4,load_factor_L4,0.64
S4,4,avg_wait_kadikoy,49.41552231445452
S4,4,avg_wait_uskudar,70.01475932139678
S4,4,avg_wait_eminonu,23.045349829508396
S4,4,avg_wait_besiktas,24.269915133310395
S4,4,berth_util_kadikoy,0.12444444444444444
S4,4,berth_util_eminonu,0.10888888888888888
S4,4,missed_conn_rate,0.0
S4,4,total_pax_served,24961.0
S4,5,avg_journey_time,62.20619150058429
S4,5,avg_jt_eminonu,53.474845052906616
S4,5,avg_jt_besiktas,97.39950081281461
S4,5,avg_jt_kadikoy,43.869625295143564
S4,5,avg_jt_uskudar,40.80636928257521
S4,5,loss_rate,0.005500222982012784
S4,5,left_behind_rate,0.34536197413408654
S4,5,throughput,1752.8666666666666
S4,5,load_factor_L1,0.46172131147540985
S4,5,load_factor_L2,0.7257954545454546
S4,5,load_factor_L3,0.5190816326530612
S4,5,load_factor_L4,0.634375
S4,5,avg_wait_kadikoy,47.79745563695241
S4,5,avg_wait_uskudar,43.99291828076465
S4,5,avg_wait_eminonu,14.071834939587914
S4,5,avg_wait_besiktas,25.002781682795796
S4,5,berth_util_kadikoy,0.12222222222222222
S4,5,berth_util_eminonu,0.12666666666666668
S4,5,missed_conn_rate,0.0
S4,5,total_pax_served,26293.0
S4,6,avg_journey_time,66.64540508046996
S4,6,avg_jt_eminonu,48.46750790813194
S4,6,avg_jt_besiktas,119.42612579320058
S4,6,avg_jt_kadikoy,45.95654377462479
S4,6,avg_jt_uskudar,47.26856353600739
S4,6,loss_rate,0.02013447613418058
S4,6,left_behind_rate,0.36984631298950793
S4,6,throughput,1738.2
S4,6,load_factor_L1,0.48915254237288136
S4,6,load_factor_L2,0.6772340425531915
S4,6,load_factor_L3,0.5055102040816326
S4,6,load_factor_L4,0.6637931034482759
S4,6,avg_wait_kadikoy,52.62115900734437
S4,6,avg_wait_uskudar,48.29303528655518
S4,6,avg_wait_eminonu,16.955998809940485
S4,6,avg_wait_besiktas,30.14213984161182
S4,6,berth_util_kadikoy,0.12222222222222222
S4,6,berth_util_eminonu,0.11555555555555555
S4,6,missed_conn_rate,0.0
S4,6,total_pax_served,26073.0
S4,7,avg_journey_time,75.20774840161862
S4,7,avg_jt_eminonu,44.34180153684357
S4,7,avg_jt_besiktas,165.9349370060743
S4,7,avg_jt_kadikoy,42.40245907748126
S4,7,avg_jt_uskudar,46.26850440028626
S4,7,loss_rate,0.061004695535514644
S4,7,left_behind_rate,0.261198479540881
S4,7,throughput,1632.3333333333333
S4,7,load_factor_L1,0.46620833333333334
S4,7,load_factor_L2,0.6830434782608695
S4,7,load_factor_L3,0.5297560975609756
S4,7,load_factor_L4,0.5595
S4,7,avg_wait_kadikoy,63.916149395811054
S4,7,avg_wait_uskudar,69.83726194502303
S4,7,avg_wait_eminonu,16.172305024807407
S4,7,avg_wait_besiktas,24.476541489590975
S4,7,berth_util_kadikoy,0.11555555555555555
S4,7,berth_util_eminonu,0.10444444444444445
S4,7,missed_conn_rate,0.0
S4,7,total_pax_served,24485.0
S4,8,avg_journey_time,62.80007240033499
S4,8,avg_jt_eminonu,44.44280757085403
S4,8,avg_jt_besiktas,105.44625012646766
S4,8,avg_jt_kadikoy,42.22078690088913
S4,8,avg_jt_uskudar,66.97593983629005
S4,8,loss_rate,0.013943257652015062
S4,8,left_behind_rate,0.3107780636021325
S4,8,throughput,1720.0666666666666
S4,8,load_factor_L1,0.46870833333333334
S4,8,load_factor_L2,0.6596808510638298
S4,8,load_factor_L3,0.5803571428571429
S4,8,load_factor_L4,0.6775
S4,8,avg_wait_kadikoy,44.06951760845549
S4,8,avg_wait_uskudar,42.96219468986342
S4,8,avg_wait_eminonu,22.442226220297968
S4,8,avg_wait_besiktas,34.44609501307926
S4,8,berth_util_kadikoy,0.12444444444444444
S4,8,berth_util_eminonu,0.10222222222222223
S4,8,missed_conn_rate,0.0
S4,8,total_pax_served,25801.0
S4,9,avg_journey_time,70.61593034781215
S4,9,avg_jt_eminonu,44.27311823417508
S4,9,avg_jt_besiktas,147.4741071621906
S4,9,avg_jt_kadikoy,42.29560910844433
S4,9,avg_jt_uskudar,43.41052616519504
S4,9,loss_rate,0.03944641799881587
S4,9,left_behind_rate,0.25151716992303136
S4,9,throughput,1692.8
S4,9,load_factor_L1,0.4529435483870968
S4,9,load_factor_L2,0.70375
S4,9,load_factor_L3,0.5304545454545454
S4,9,load_factor_L4,0.5725
S4,9,avg_wait_kadikoy,60.555930125519154
S4,9,avg_wait_uskudar,54.79216032392903
S4,9,avg_wait_eminonu,13.21271511600413
S4,9,avg_wait_besiktas,25.384826193581855
S4,9,berth_util_kadikoy,0.12
S4,9,berth_util_eminonu,0.11777777777777777
S4,9,missed_conn_rate,0.0
S4,9,total_pax_served,25392.0
S4,10,avg_journey_time,65.79573486504519
S4,10,avg_jt_eminonu,42.99976368233279
S4,10,avg_jt_besiktas,126.5771552733105
S4,10,avg_jt_kadikoy,41.68919473821942
S4,10,avg_jt_uskudar,49.078649540289945
S4,10,loss_rate,0.009233475010992233
S4,10,left_behind_rate,0.3015535688113733
S4,10,throughput,1759.1333333333334
S4,10,load_factor_L1,0.43609848484848485
S4,10,load_factor_L2,0.7073404255319149
S4,10,load_factor_L3,0.5482222222222223
S4,10,load_factor_L4,0.7032142857142857
S4,10,avg_wait_kadikoy,52.70704706100987
S4,10,avg_wait_uskudar,47.102405800348244
S4,10,avg_wait_eminonu,13.250680978052728
S4,10,avg_wait_besiktas,29.430546711715703
S4,10,berth_util_kadikoy,0.1288888888888889
S4,10,berth_util_eminonu,0.11555555555555555
S4,10,missed_conn_rate,0.0
S4,10,total_pax_served,26387.0
S4,11,avg_journey_time,66.61536940579704
S4,11,avg_jt_eminonu,47.006071989283896
S4,11,avg_jt_besiktas,127.41035557123449
S4,11,avg_jt_kadikoy,42.21625557360029
S4,11,avg_jt_uskudar,40.87646252023948
S4,11,loss_rate,0.038655027003033214
S4,11,left_behind_rate,0.35588518162314126
S4,11,throughput,1701.4
S4,11,load_factor_L1,0.4825847457627119
S4,11,load_factor_L2,0.7095652173913043
S4,11,load_factor_L3,0.5277906976744186
S4,11,load_factor_L4,0.6118965517241379
S4,11,avg_wait_kadikoy,47.02010530684422
S4,11,avg_wait_uskudar,69.75058939615815
S4,11,avg_wait_eminonu,14.907144263823493
S4,11,avg_wait_besiktas,20.59851162062424
S4,11,berth_util_kadikoy,0.12222222222222222
S4,11,berth_util_eminonu,0.11333333333333333
S4,11,missed_conn_rate,0.0
S4,11,total_pax_served,25521.0
S4,12,avg_journey_time,65.00531818408197
S4,12,avg_jt_eminonu,51.83701909307911
S4,12,avg_jt_besiktas,113.19896018421194
S4,12,avg_jt_kadikoy,41.733404353409355
S4,12,avg_jt_uskudar,42.60549116336574
S4,12,loss_rate,0.012921883007540816
S4,12,left_behind_rate,0.3547477853429973
S4,12,throughput,1746.2666666666667
S4,12,load_factor_L1,0.48104166666666665
S4,12,load_factor_L2,0.6872826086956522
S4,12,load_factor_L3,0.5915476190476191
S4,12,load_factor_L4,0.575
S4,12,avg_wait_kadikoy,53.75482125351371
S4,12,avg_wait_uskudar,44.73211940039495
S4,12,avg_wait_eminonu,15.726452932796068
S4,12,avg_wait_besiktas,20.6955497204408
S4,12,berth_util_kadikoy,0.12444444444444444
S4,12,berth_util_eminonu,0.10666666666666667
S4,12,missed_conn_rate,0.0
S4,12,total_pax_served,26194.0
S4,13,avg_journey_time,73.90745791463367
S4,13,avg_jt_eminonu,72.26881081925048
S4,13,avg_jt_besiktas,110.82260923675416
S4,13,avg_jt_kadikoy,46.956458979149666
S4,13,avg_jt_uskudar,42.41089369113511
S4,13,loss_rate,0.06640394814378314
S4,13,left_behind_rate,0.4270771950500884
S4,13,throughput,1651.5333333333333
S4,13,load_factor_L1,0.4827272727272727
S4,13,load_factor_L2,0.6921590909090909
S4,13,load_factor_L3,0.5720238095238095
S4,13,load_factor_L4,0.5602941176470588
S4,13,avg_wait_kadikoy,72.43810747075423
S4,13,avg_wait_uskudar,44.3496831390156
S4,13,avg_wait_eminonu,16.99677932593043
S4,13,avg_wait_besiktas,26.933977594721288
S4,13,berth_util_kadikoy,0.1111111111111111
S4,13,berth_util_eminonu,0.10888888888888888
S4,13,missed_conn_rate,0.0
S4,13,total_pax_served,24773.0
S4,14,avg_journey_time,73.73949449175447
S4,14,avg_jt_eminonu,73.25921146053469
S4,14,avg_jt_besiktas,110.20730249124468
S4,14,avg_jt_kadikoy,40.102815703231535
S4,14,avg_jt_uskudar,48.07900335142206
S4,14,loss_rate,0.06058488136840169
S4,14,left_behind_rate,0.39073018208570903
S4,14,throughput,1657.9333333333334
S4,14,load_factor_L1,0.4998148148148148
S4,14,load_factor_L2,0.6539130434782608
S4,14,load_factor_L3,0.5033673469387755
S4,14,load_factor_L4,0.6574137931034483
S4,14,avg_wait_kadikoy,69.4927155588598
S4,14,avg_wait_uskudar,51.320709816801724
S4,14,avg_wait_eminonu,16.477519589951893
S4,14,avg_wait_besiktas,22.352930765836245
S4,14,berth_util_kadikoy,0.1111111111111111
S4,14,berth_util_eminonu,0.10888888888888888
S4,14,missed_conn_rate,0.0
S4,14,total_pax_served,24869.0
S4,15,avg_journey_time,72.32213466727269
S4,15,avg_jt_eminonu,74.57899380062887
S4,15,avg_jt_besiktas,100.44317777804994
S4,15,avg_jt_kadikoy,40.77254574567133
S4,15,avg_jt_uskudar,54.39464377680062
S4,15,loss_rate,0.053441829777875524
S4,15,left_behind_rate,0.39689172348068325
S4,15,throughput,1687.6666666666667
S4,15,load_factor_L1,0.4749122807017544
S4,15,load_factor_L2,0.6372916666666667
S4,15,load_factor_L3,0.646125
S4,15,load_factor_L4,0.6672413793103448
S4,15,avg_wait_kadikoy,69.81514361185819
S4,15,avg_wait_uskudar,42.42258030218808
S4,15,avg_wait_eminonu,18.254790866521752
S4,15,avg_wait_besiktas,26.734121758198235
S4,15,berth_util_kadikoy,0.10666666666666667
S4,15,berth_util_eminonu,0.11333333333333333
S4,15,missed_conn_rate,0.0
S4,15,total_pax_served,25315.0
S4,16,avg_journey_time,68.43715128173503
S4,16,avg_jt_eminonu,53.31849115986803
S4,16,avg_jt_besiktas,122.39728697842617
S4,16,avg_jt_kadikoy,38.48005956553469
S4,16,avg_jt_uskudar,54.049292869516925
S4,16,loss_rate,0.03542484139499065
S4,16,left_behind_rate,0.3795885437676482
S4,16,throughput,1710.6
S4,16,load_factor_L1,0.4384469696969697
S4,16,load_factor_L2,0.7026666666666667
S4,16,load_factor_L3,0.5245652173913044
S4,16,load_factor_L4,0.6628571428571428
S4,16,avg_wait_kadikoy,54.21327470521622
S4,16,avg_wait_uskudar,56.97772138681463
S4,16,avg_wait_eminonu,15.093940750426333
S4,16,avg_wait_besiktas,27.12345279113682
S4,16,berth_util_kadikoy,0.12444444444444444
S4,16,berth_util_eminonu,0.12222222222222222
S4,16,missed_conn_rate,0.0
S4,16,total_pax_served,25659.0
S4,17,avg_journey_time,66.20958546973453
S4,17,avg_jt_eminonu,54.610922454658215
S4,17,avg_jt_besiktas,110.73345679269741
S4,17,avg_jt_kadikoy,39.627310373871744
S4,17,avg_jt_uskudar,50.576087551645635
S4,17,loss_rate,0.019269516796717588
S4,17,left_behind_rate,0.3605158075979045
S4,17,throughput,1749.7333333333333
S4,17,load_factor_L1,0.45479838709677417
S4,17,load_factor_L2,0.6528125
S4,17,load_factor_L3,0.5142
S4,17,load_factor_L4,0.62890625
S4,17,avg_wait_kadikoy,66.51036149073212
S4,17,avg_wait_uskudar,22.890088881091827
S4,17,avg_wait_eminonu,12.932234652078069
S4,17,avg_wait_besiktas,28.542413298678763
S4,17,berth_util_kadikoy,0.11777777777777777
S4,17,berth_util_eminonu,0.12444444444444444
S4,17,missed_conn_rate,0.0
S4,17,total_pax_served,26246.0
S4,18,avg_journey_time,60.9488912631558
S4,18,avg_jt_eminonu,50.72219575657666
S4,18,avg_jt_besiktas,95.02077875550472
S4,18,avg_jt_kadikoy,41.280103407156986
S4,18,avg_jt_uskudar,51.63495524352621
S4,18,loss_rate,0.025112732338600285
S4,18,left_behind_rate,0.3425596656523811
S4,18,throughput,1738.0666666666666
S4,18,load_factor_L1,0.4550806451612903
S4,18,load_factor_L2,0.6978260869565217
S4,18,load_factor_L3,0.5281914893617021
S4,18,load_factor_L4,0.6320967741935484
S4,18,avg_wait_kadikoy,47.73397060144658
S4,18,avg_wait_uskudar,35.445110000864325
S4,18,avg_wait_eminonu,15.61886902696645
S4,18,avg_wait_besiktas,28.032656372884837
S4,18,berth_util_kadikoy,0.12222222222222222
S4,18,berth_util_eminonu,0.11555555555555555
S4,18,missed_conn_rate,0.0
S4,18,total_pax_served,26071.0
S4,19,avg_journey_time,59.22652430861
S4,19,avg_jt_eminonu,51.722028435482535
S4,19,avg_jt_besiktas,91.30191059435346
S4,19,avg_jt_kadikoy,43.251997765986204
S4,19,avg_jt_uskudar,40.337104793591884
S4,19,loss_rate,0.03992773927149388
S4,19,left_behind_rate,0.3368603450818463
S4,19,throughput,1698.0666666666666
S4,19,load_factor_L1,0.4944396551724138
S4,19,load_factor_L2,0.6578571428571428
S4,19,load_factor_L3,0.505
S4,19,load_factor_L4,0.563125
S4,19,avg_wait_kadikoy,34.84411654729553
S4,19,avg_wait_uskudar,63.16020922530659
S4,19,avg_wait_eminonu,14.203098033530381
S4,19,avg_wait_besiktas,23.363276543446744
S4,19,berth_util_kadikoy,0.12666666666666668
S4,19,berth_util_eminonu,0.11777777777777777
S4,19,missed_conn_rate,0.0
S4,19,total_pax_served,25471.0
S4,20,avg_journey_time,52.93247949686558
S4,20,avg_jt_eminonu,40.29225741762483
S4,20,avg_jt_besiktas,86.5168822236094
S4,20,avg_jt_kadikoy,39.28976238992698
S4,20,avg_jt_uskudar,43.82327827317506
S4,20,loss_rate,0.0
S4,20,left_behind_rate,0.24502371438174553
S4,20,throughput,1743.8
S4,20,load_factor_L1,0.443671875
S4,20,load_factor_L2,0.6522448979591837
S4,20,load_factor_L3,0.5041836734693877
S4,20,load_factor_L4,0.60078125
S4,20,avg_wait_kadikoy,37.39036061374147
S4,20,avg_wait_uskudar,26.441048063252616
S4,20,avg_wait_eminonu,12.7350882422269
S4,20,avg_wait_besiktas,21.913090647006527
S4,20,berth_util_kadikoy,0.12444444444444444
S4,20,berth_util_eminonu,0.12222222222222222
S4,20,missed_conn_rate,0.0
S4,20,total_pax_served,26157.0
S5,1,avg_journey_time,37.42491138234683
S5,1,avg_jt_eminonu,31.52238552025509
S5,1,avg_jt_besiktas,49.79826836078251
S5,1,avg_jt_kadikoy,34.30024930774883
S5,1,avg_jt_uskudar,36.37911969853085
S5,1,loss_rate,0.0
S5,1,left_behind_rate,0.06932453962725554
S5,1,throughput,1761.4666666666667
S5,1,load_factor_L1,0.3097872340425532
S5,1,load_factor_L2,0.4387857142857143
S5,1,load_factor_L3,0.41234848484848485
S5,1,load_factor_L4,0.4313095238095238
S5,1,avg_wait_kadikoy,9.110450783983481
S5,1,avg_wait_uskudar,22.7985665972992
S5,1,avg_wait_eminonu,8.028741225752311
S5,1,avg_wait_besiktas,15.183451161185676
S5,1,berth_util_kadikoy,0.17777777777777778
S5,1,berth_util_eminonu,0.3422222222222222
S5,1,missed_conn_rate,0.5265700483091788
S5,1,total_pax_served,26422.0
S5,2,avg_journey_time,38.05262002247613
S5,2,avg_jt_eminonu,33.0221862467524
S5,2,avg_jt_besiktas,49.953034271553584
S5,2,avg_jt_kadikoy,34.62305749688848
S5,2,avg_jt_uskudar,34.10232466900037
S5,2,loss_rate,0.001120364491914703
S5,2,left_behind_rate,0.06923852560032864
S5,2,throughput,1754.8666666666666
S5,2,load_factor_L1,0.31392857142857145
S5,2,load_factor_L2,0.4226351351351351
S5,2,load_factor_L3,0.42395522388059703
S5,2,load_factor_L4,0.41627906976744183
S5,2,avg_wait_kadikoy,8.301107621281565
S5,2,avg_wait_uskudar,27.27674961519403
S5,2,avg_wait_eminonu,8.794161705115668
S5,2,avg_wait_besiktas,13.293858615845416
S5,2,berth_util_kadikoy,0.18666666666666668
S5,2,berth_util_eminonu,0.32222222222222224
S5,2,missed_conn_rate,0.6084828711256117
S5,2,total_pax_served,26323.0
S5,3,avg_journey_time,41.01318658013328
S5,3,avg_jt_eminonu,35.885149087130955
S5,3,avg_jt_besiktas,55.97945203712055
S5,3,avg_jt_kadikoy,33.8327445733292
S5,3,avg_jt_uskudar,36.25885119577421
S5,3,loss_rate,0.00367510579850026
S5,3,left_behind_rate,0.11760338555200832
S5,3,throughput,1760.1333333333334
S5,3,load_factor_L1,0.3109574468085106
S5,3,load_factor_L2,0.41020833333333334
S5,3,load_factor_L3,0.40051470588235294
S5,3,load_factor_L4,0.4280681818181818
S5,3,avg_wait_kadikoy,13.992508562710853
S5,3,avg_wait_uskudar,28.48027696544757
S5,3,avg_wait_eminonu,6.936572110256544
S5,3,avg_wait_besiktas,14.796274077535813
S5,3,berth_util_kadikoy,0.18
S5,3,berth_util_eminonu,0.32666666666666666
S5,3,missed_conn_rate,0.12147239263803682
S5,3,total_pax_served,26402.0
S5,4,avg_journey_time,38.01339481556368
S5,4,avg_jt_eminonu,30.211781206121692
S5,4,avg_jt_besiktas,51.51716285717505
S5,4,avg_jt_kadikoy,36.105899578922184
S5,4,avg_jt_uskudar,38.72768691776432
S5,4,loss_rate,0.0
S5,4,left_behind_rate,0.05665732822176349
S5,4,throughput,1780.2
S5,4,load_factor_L1,0.3226086956521739
S5,4,load_factor_L2,0.4416176470588235
S5,4,load_factor_L3,0.44204918032786883
S5,4,load_factor_L4,0.410531914893617
S5,4,avg_wait_kadikoy,10.105259754009746
S5,4,avg_wait_uskudar,20.152901271049956
S5,4,avg_wait_eminonu,11.712168160732617
S5,4,avg_wait_besiktas,12.720974905210497
S5,4,berth_util_kadikoy,0.17777777777777778
S5,4,berth_util_eminonu,0.32222222222222224
S5,4,missed_conn_rate,0.2871927554980595
S5,4,total_pax_served,26703.0
S5,5,avg_journey_time,37.63277642773588
S5,5,avg_jt_eminonu,34.86225388902711
S5,5,avg_jt_besiktas,44.82996117719441
S5,5,avg_jt_kadikoy,35.56960620261143
S5,5,avg_jt_uskudar,34.27983519258508
S5,5,loss_rate,0.0
S5,5,left_behind_rate,0.07585104801546008
S5,5,throughput,1760.8666666666666
S5,5,load_factor_L1,0.30882978723404253
S5,5,load_factor_L2,0.4593939393939394
S5,5,load_factor_L3,0.35409722222222223
S5,5,load_factor_L4,0.41020408163265304
S5,5,avg_wait_kadikoy,12.571562694501429
S5,5,avg_wait_uskudar,17.35430548820772
S5,5,avg_wait_eminonu,7.767691290006521
S5,5,avg_wait_besiktas,15.178173179195616
S5,5,berth_util_kadikoy,0.18
S5,5,berth_util_eminonu,0.3511111111111111
S5,5,missed_conn_rate,0.21628498727735368
S5,5,total_pax_served,26413.0
S5,6,avg_journey_time,36.09274532166535
S5,6,avg_jt_eminonu,31.72468167204473
S5,6,avg_jt_besiktas,43.37101129100977
S5,6,avg_jt_kadikoy,35.57989992199314
S5,6,avg_jt_uskudar,36.865957742077185
S5,6,loss_rate,0.0
S5,6,left_behind_rate,0.05308851780700458
S5,6,throughput,1770.6666666666667
S5,6,load_factor_L1,0.3396220930232558
S5,6,load_factor_L2,0.4602205882352941
S5,6,load_factor_L3,0.3702112676056338
S5,6,load_factor_L4,0.43477777777777776
S5,6,avg_wait_kadikoy,10.326041386025908
S5,6,avg_wait_uskudar,14.520248481947403
S5,6,avg_wait_eminonu,9.495288905903637
S5,6,avg_wait_besiktas,14.590313249807313
S5,6,berth_util_kadikoy,0.1711111111111111
S5,6,berth_util_eminonu,0.31777777777777777
S5,6,missed_conn_rate,0.2315112540192926
S5,6,total_pax_served,26560.0
S5,7,avg_journey_time,39.972509177407666
S5,7,avg_jt_eminonu,35.587287635123346
S5,7,avg_jt_besiktas,51.66289856240444
S5,7,avg_jt_kadikoy,35.63085107149189
S5,7,avg_jt_uskudar,35.93637228672983
S5,7,loss_rate,0.003204889319520012
S5,7,left_behind_rate,0.13766117611984796
S5,7,throughput,1757.8
S5,7,load_factor_L1,0.33793103448275863
S5,7,load_factor_L2,0.44666666666666666
S5,7,load_factor_L3,0.42146153846153844
S5,7,load_factor_L4,0.392
S5,7,avg_wait_kadikoy,13.065400502724547
S5,7,avg_wait_uskudar,24.589414884948006
S5,7,avg_wait_eminonu,9.67338601566774
S5,7,avg_wait_besiktas,12.970061453204982
S5,7,berth_util_kadikoy,0.1711111111111111
S5,7,berth_util_eminonu,0.3244444444444444
S5,7,missed_conn_rate,0.17309941520467836
S5,7,total_pax_served,26367.0
S5,8,avg_journey_time,37.42558504426944
S5,8,avg_jt_eminonu,32.22471775128816
S5,8,avg_jt_besiktas,44.154794243993656
S5,8,avg_jt_kadikoy,36.85713800677246
S5,8,avg_jt_uskudar,42.111043502524446
S5,8,loss_rate,0.0
S5,8,left_behind_rate,0.05759982104909965
S5,8,throughput,1748.5333333333333
S5,8,load_factor_L1,0.32920454545454547
S5,8,load_factor_L2,0.46166666666666667
S5,8,load_factor_L3,0.3891044776119403
S5,8,load_factor_L4,0.4369318181818182
S5,8,avg_wait_kadikoy,9.995043536557054
S5,8,avg_wait_uskudar,16.930667710405185
S5,8,avg_wait_eminonu,10.383425405640779
S5,8,avg_wait_besiktas,19.762011972976815
S5,8,berth_util_kadikoy,0.17333333333333334
S5,8,berth_util_eminonu,0.32666666666666666
S5,8,missed_conn_rate,0.15284974093264247
S5,8,total_pax_served,26228.0
S5,9,avg_journey_time,37.47322963529081
S5,9,avg_jt_eminonu,34.90881565627978
S5,9,avg_jt_besiktas,45.012575072983005
S5,9,avg_jt_kadikoy,34.155162342825804
S5,9,avg_jt_uskudar,34.662954060815544
S5,9,loss_rate,0.003256364712847839
S5,9,left_behind_rate,0.07815275310834814
S5,9,throughput,1768.0666666666666
S5,9,load_factor_L1,0.3173655913978495
S5,9,load_factor_L2,0.45371212121212123
S5,9,load_factor_L3,0.3840441176470588
S5,9,load_factor_L4,0.3961
S5,9,avg_wait_kadikoy,9.905392567461169
S5,9,avg_wait_uskudar,22.779695992810154
S5,9,avg_wait_eminonu,7.022845182984348
S5,9,avg_wait_besiktas,14.005953722556454
S5,9,berth_util_kadikoy,0.17333333333333334
S5,9,berth_util_eminonu,0.34444444444444444
S5,9,missed_conn_rate,0.23883495145631067
S5,9,total_pax_served,26521.0
S5,10,avg_journey_time,36.19740064654442
S5,10,avg_jt_eminonu,30.344197644622746
S5,10,avg_jt_besiktas,46.518683602144755
S5,10,avg_jt_kadikoy,34.933568167363255
S5,10,avg_jt_uskudar,35.74366095413304
S5,10,loss_rate,0.0
S5,10,left_behind_rate,0.05657335482925399
S5,10,throughput,1788.8
S5,10,load_factor_L1,0.29897959183673467
S5,10,load_factor_L2,0.4617391304347826
S5,10,load_factor_L3,0.3780281690140845
S5,10,load_factor_L4,0.40712765957446806
S5,10,avg_wait_kadikoy,8.53453421473712
S5,10,avg_wait_uskudar,18.592831765282064
S5,10,avg_wait_eminonu,7.456429176940161
S5,10,avg_wait_besiktas,15.25767776438358
S5,10,berth_util_kadikoy,0.19333333333333333
S5,10,berth_util_eminonu,0.3488888888888889
S5,10,missed_conn_rate,0.23925233644859814
S5,10,total_pax_served,26832.0
S5,11,avg_journey_time,38.67073222612218
S5,11,avg_jt_eminonu,35.33736982540458
S5,11,avg_jt_besiktas,48.79635190207691
S5,11,avg_jt_kadikoy,35.10261538748763
S5,11,avg_jt_uskudar,32.921446117751856
S5,11,loss_rate,0.0
S5,11,left_behind_rate,0.10090996522897093
S5,11,throughput,1761.1333333333334
S5,11,load_factor_L1,0.31717391304347825
S5,11,load_factor_L2,0.4651492537313433
S5,11,load_factor_L3,0.41715384615384615
S5,11,load_factor_L4,0.38875
S5,11,avg_wait_kadikoy,9.421655875486712
S5,11,avg_wait_uskudar,29.012930649102387
S5,11,avg_wait_eminonu,7.80411903327741
S5,11,avg_wait_besiktas,12.279342923785824
S5,11,berth_util_kadikoy,0.18444444444444444
S5,11,berth_util_eminonu,0.3466666666666667
S5,11,missed_conn_rate,0.1337579617834395
S5,11,total_pax_served,26417.0
S5,12,avg_journey_time,36.061461641560065
S5,12,avg_jt_eminonu,31.56650695417454
S5,12,avg_jt_besiktas,44.92255858622314
S5,12,avg_jt_kadikoy,35.284233601947015
S5,12,avg_jt_uskudar,33.53025170742835
S5,12,loss_rate,0.0
S5,12,left_behind_rate,0.055238304414671646
S5,12,throughput,1791.7333333333333
S5,12,load_factor_L1,0.32077127659574467
S5,12,load_factor_L2,0.42978260869565216
S5,12,load_factor_L3,0.4226190476190476
S5,12,load_factor_L4,0.4088775510204082
S5,12,avg_wait_kadikoy,10.094555809058662
S5,12,avg_wait_uskudar,15.85363064642234
S5,12,avg_wait_eminonu,8.458681646912387
S5,12,avg_wait_besiktas,12.83458200788412
S5,12,berth_util_kadikoy,0.18666666666666668
S5,12,berth_util_eminonu,0.31555555555555553
S5,12,missed_conn_rate,0.28517110266159695
S5,12,total_pax_served,26876.0
S5,13,avg_journey_time,37.74154681752512
S5,13,avg_jt_eminonu,35.880738807510696
S5,13,avg_jt_besiktas,42.111426112436405
S5,13,avg_jt_kadikoy,37.37405437232914
S5,13,avg_jt_uskudar,34.883121992062804
S5,13,loss_rate,0.0014363582793164408
S5,13,left_behind_rate,0.08327195050088392
S5,13,throughput,1772.5333333333333
S5,13,load_factor_L1,0.33991279069767444
S5,13,load_factor_L2,0.46567164179104475
S5,13,load_factor_L3,0.4157142857142857
S5,13,load_factor_L4,0.40208333333333335
S5,13,avg_wait_kadikoy,11.264154598812796
S5,13,avg_wait_uskudar,18.566979069017044
S5,13,avg_wait_eminonu,9.362942279963494
S5,13,avg_wait_besiktas,15.833359533149604
S5,13,berth_util_kadikoy,0.1688888888888889
S5,13,berth_util_eminonu,0.33111111111111113
S5,13,missed_conn_rate,0.5197215777262181
S5,13,total_pax_served,26588.0
S5,14,avg_journey_time,37.8556480914836
S5,14,avg_jt_eminonu,34.58736663342804
S5,14,avg_jt_besiktas,45.01062205288263
S5,14,avg_jt_kadikoy,36.162581351528594
S5,14,avg_jt_uskudar,35.66036451316742
S5,14,loss_rate,0.0
S5,14,left_behind_rate,0.09751701305867207
S5,14,throughput,1785.5333333333333
S5,14,load_factor_L1,0.3664506172839506
S5,14,load_factor_L2,0.44615942028985506
S5,14,load_factor_L3,0.355
S5,14,load_factor_L4,0.45630952380952383
S5,14,avg_wait_kadikoy,13.518169242199008
S5,14,avg_wait_uskudar,15.143694980496353
S5,14,avg_wait_eminonu,9.358506757476418
S5,14,avg_wait_besiktas,14.432005710786871
S5,14,berth_util_kadikoy,0.16666666666666666
S5,14,berth_util_eminonu,0.3288888888888889
S5,14,missed_conn_rate,0.11706349206349206
S5,14,total_pax_served,26783.0
S5,15,avg_journey_time,40.4074834241693
S5,15,avg_jt_eminonu,40.51932448609658
S5,15,avg_jt_besiktas,44.797162988461544
S5,15,avg_jt_kadikoy,34.14394740732704
S5,15,avg_jt_uskudar,39.636536524612445
S5,15,loss_rate,0.0
S5,15,left_behind_rate,0.12880287368961219
S5,15,throughput,1789.3333333333333
S5,15,load_factor_L1,0.35273529411764704
S5,15,load_factor_L2,0.44471014492753624
S5,15,load_factor_L3,0.44957627118644067
S5,15,load_factor_L4,0.47524390243902437
S5,15,avg_wait_kadikoy,16.180387081174214
S5,15,avg_wait_uskudar,20.926177800989553
S5,15,avg_wait_eminonu,8.206488084733287
S5,15,avg_wait_besiktas,16.88715501695283
S5,15,berth_util_kadikoy,0.15555555555555556
S5,15,berth_util_eminonu,0.3288888888888889
S5,15,missed_conn_rate,0.055793991416309016
S5,15,total_pax_served,26840.0
S5,16,avg_journey_time,37.67116739036011
S5,16,avg_jt_eminonu,33.462314758784586
S5,16,avg_jt_besiktas,46.30780902885118
S5,16,avg_jt_kadikoy,34.105518855197666
S5,16,avg_jt_uskudar,39.50654660494565
S5,16,loss_rate,0.0002567017492390627
S5,16,left_behind_rate,0.07293996846235652
S5,16,throughput,1779.9333333333334
S5,16,load_factor_L1,0.3050515463917526
S5,16,load_factor_L2,0.48661290322580647
S5,16,load_factor_L3,0.4273387096774194
S5,16,load_factor_L4,0.43644444444444447
S5,16,avg_wait_kadikoy,9.331707537235282
S5,16,avg_wait_uskudar,21.900931765860857
S5,16,avg_wait_eminonu,9.049737272001902
S5,16,avg_wait_besiktas,16.495251253271277
S5,16,berth_util_kadikoy,0.17777777777777778
S5,16,berth_util_eminonu,0.3377777777777778
S5,16,missed_conn_rate,0.5627450980392157
S5,16,total_pax_served,26699.0
S5,17,avg_journey_time,35.47683758530267
S5,17,avg_jt_eminonu,31.128602602203355
S5,17,avg_jt_besiktas,43.73941903798147
S5,17,avg_jt_kadikoy,34.189520206900795
S5,17,avg_jt_uskudar,34.58600250983868
S5,17,loss_rate,0.0
S5,17,left_behind_rate,0.047844085430633405
S5,17,throughput,1789.0666666666666
S5,17,load_factor_L1,0.3231720430107527
S5,17,load_factor_L2,0.4327142857142857
S5,17,load_factor_L3,0.3398684210526316
S5,17,load_factor_L4,0.45238636363636364
S5,17,avg_wait_kadikoy,10.41460304948127
S5,17,avg_wait_uskudar,13.490324771798951
S5,17,avg_wait_eminonu,6.956671881119554
S5,17,avg_wait_besiktas,13.933205399523237
S5,17,berth_util_kadikoy,0.17555555555555555
S5,17,berth_util_eminonu,0.3622222222222222
S5,17,missed_conn_rate,0.1079136690647482
S5,17,total_pax_served,26836.0
S5,18,avg_journey_time,36.73349742664825
S5,18,avg_jt_eminonu,31.033338594239023
S5,18,avg_jt_besiktas,46.747743527747296
S5,18,avg_jt_kadikoy,35.390641033657126
S5,18,avg_jt_uskudar,36.74832187252309
S5,18,loss_rate,0.0
S5,18,left_behind_rate,0.04674267698060637
S5,18,throughput,1792.6
S5,18,load_factor_L1,0.32713888888888887
S5,18,load_factor_L2,0.484765625
S5,18,load_factor_L3,0.3790845070422535
S5,18,load_factor_L4,0.4003061224489796
S5,18,avg_wait_kadikoy,10.02224139227386
S5,18,avg_wait_uskudar,17.879672960188305
S5,18,avg_wait_eminonu,7.89226451828823
S5,18,avg_wait_besiktas,16.170578082628033
S5,18,berth_util_kadikoy,0.1688888888888889
S5,18,berth_util_eminonu,0.3488888888888889
S5,18,missed_conn_rate,0.002150537634408602
S5,18,total_pax_served,26889.0
S5,19,avg_journey_time,36.111574337859196
S5,19,avg_jt_eminonu,33.03362080757304
S5,19,avg_jt_besiktas,41.3396190456404
S5,19,avg_jt_kadikoy,36.960932236662686
S5,19,avg_jt_uskudar,33.8859304658384
S5,19,loss_rate,0.0
S5,19,left_behind_rate,0.041476183453767884
S5,19,throughput,1779.8
S5,19,load_factor_L1,0.3310919540229885
S5,19,load_factor_L2,0.4697058823529412
S5,19,load_factor_L3,0.38528985507246377
S5,19,load_factor_L4,0.4136170212765957
S5,19,avg_wait_kadikoy,8.85145136749242
S5,19,avg_wait_uskudar,17.915890462160828
S5,19,avg_wait_eminonu,8.871169532219694
S5,19,avg_wait_besiktas,15.19746750892301
S5,19,berth_util_kadikoy,0.18
S5,19,berth_util_eminonu,0.3333333333333333
S5,19,missed_conn_rate,0.004651162790697674
S5,19,total_pax_served,26697.0
S5,20,avg_journey_time,34.91632370782194
S5,20,avg_jt_eminonu,30.322574527552547
S5,20,avg_jt_besiktas,43.552864094825146
S5,20,avg_jt_kadikoy,33.759010391842544
S5,20,avg_jt_uskudar,33.60423328925446
S5,20,loss_rate,0.0
S5,20,left_behind_rate,0.026664674907569928
S5,20,throughput,1748.4666666666667
S5,20,load_factor_L1,0.3152197802197802
S5,20,load_factor_L2,0.45850746268656717
S5,20,load_factor_L3,0.34883561643835614
S5,20,load_factor_L4,0.39877551020408164
S5,20,avg_wait_kadikoy,9.1243130674413
S5,20,avg_wait_uskudar,14.510186921149181
S5,20,avg_wait_eminonu,7.105705570430763
S5,20,avg_wait_besiktas,12.231906194593817
S5,20,berth_util_kadikoy,0.16666666666666666
S5,20,berth_util_eminonu,0.34
S5,20,missed_conn_rate,0.17220543806646527
S5,20,total_pax_served,26227.0
S6,1,avg_journey_time,32.80981248645603
S6,1,avg_jt_eminonu,28.904553993093735
S6,1,avg_jt_besiktas,39.06846280144092
S6,1,avg_jt_kadikoy,32.68904132532917
S6,1,avg_jt_uskudar,33.382458587353405
S6,1,loss_rate,0.0
S6,1,left_behind_rate,0.0017414502204601875
S6,1,throughput,1776.8
S6,1,load_factor_L1,0.30041666666666667
S6,1,load_factor_L2,0.4477857142857143
S6,1,load_factor_L3,0.36192857142857143
S6,1,load_factor_L4,0.4315217391304348
S6,1,avg_wait_kadikoy,6.549035193698
S6,1,avg_wait_uskudar,12.095231592232283
S6,1,avg_wait_eminonu,6.1031956055886685
S6,1,avg_wait_besiktas,11.50224980942166
S6,1,berth_util_kadikoy,0.18444444444444444
S6,1,berth_util_eminonu,0.18444444444444444
S6,1,missed_conn_rate,0.0
S6,1,total_pax_served,26652.0
S6,2,avg_journey_time,32.80743528826797
S6,2,avg_jt_eminonu,28.95852670506304
S6,2,avg_jt_besiktas,38.85386002273267
S6,2,avg_jt_kadikoy,32.629152088530304
S6,2,avg_jt_uskudar,33.186244217027664
S6,2,loss_rate,0.0
S6,2,left_behind_rate,0.0045188034507226355
S6,2,throughput,1763.7333333333333
S6,2,load_factor_L1,0.29333333333333333
S6,2,load_factor_L2,0.44557142857142856
S6,2,load_factor_L3,0.36492857142857144
S6,2,load_factor_L4,0.4365217391304348
S6,2,avg_wait_kadikoy,6.576630163608222
S6,2,avg_wait_uskudar,12.017747585720963
S6,2,avg_wait_eminonu,6.0111957678471875
S6,2,avg_wait_besiktas,11.731278301196406
S6,2,berth_util_kadikoy,0.18444444444444444
S6,2,berth_util_eminonu,0.18444444444444444
S6,2,missed_conn_rate,0.0
S6,2,total_pax_served,26456.0
S6,3,avg_journey_time,32.84770261461419
S6,3,avg_jt_eminonu,28.97711044750038
S6,3,avg_jt_besiktas,38.96952674347573
S6,3,avg_jt_kadikoy,32.834799914887874
S6,3,avg_jt_uskudar,32.88712528916562
S6,3,loss_rate,0.0
S6,3,left_behind_rate,0.003934961764050783
S6,3,throughput,1773.3333333333333
S6,3,load_factor_L1,0.29184895833333335
S6,3,load_factor_L2,0.4519285714285714
S6,3,load_factor_L3,0.3717857142857143
S6,3,load_factor_L4,0.4409782608695652
S6,3,avg_wait_kadikoy,6.725018351056998
S6,3,avg_wait_uskudar,11.847737452533543
S6,3,avg_wait_eminonu,6.048574624893641
S6,3,avg_wait_besiktas,11.386646233576212
S6,3,berth_util_kadikoy,0.18444444444444444
S6,3,berth_util_eminonu,0.18444444444444444
S6,3,missed_conn_rate,0.0
S6,3,total_pax_served,26600.0
S6,4,avg_journey_time,32.809027772855586
S6,4,avg_jt_eminonu,28.923834836804385
S6,4,avg_jt_besiktas,38.698138827370954
S6,4,avg_jt_kadikoy,32.86374221678269
S6,4,avg_jt_uskudar,33.42156309276336
S6,4,loss_rate,0.0
S6,4,left_behind_rate,0.0016588027130639929
S6,4,throughput,1785.4
S6,4,load_factor_L1,0.29833333333333334
S6,4,load_factor_L2,0.45671428571428574
S6,4,load_factor_L3,0.36
S6,4,load_factor_L4,0.4426086956521739
S6,4,avg_wait_kadikoy,6.561439676512887
S6,4,avg_wait_uskudar,11.822598490807408
S6,4,avg_wait_eminonu,6.073047525037816
S6,4,avg_wait_besiktas,11.64898296719991
S6,4,berth_util_kadikoy,0.18444444444444444
S6,4,berth_util_eminonu,0.18444444444444444
S6,4,missed_conn_rate,0.0
S6,4,total_pax_served,26781.0
S6,5,avg_journey_time,32.774457484512
S6,5,avg_jt_eminonu,29.08066589347471
S6,5,avg_jt_besiktas,38.539613954785764
S6,5,avg_jt_kadikoy,32.560252502927064
S6,5,avg_jt_uskudar,33.21423036845686
S6,5,loss_rate,0.0
S6,5,left_behind_rate,0.002229820127843021
S6,5,throughput,1770.8
S6,5,load_factor_L1,0.295078125
S6,5,load_factor_L2,0.4539285714285714
S6,5,load_factor_L3,0.3595
S6,5,load_factor_L4,0.43880434782608696
S6,5,avg_wait_kadikoy,6.413940072028488
S6,5,avg_wait_uskudar,12.234870861608183
S6,5,avg_wait_eminonu,5.907237726378202
S6,5,avg_wait_besiktas,11.480051554339902
S6,5,berth_util_kadikoy,0.18444444444444444
S6,5,berth_util_eminonu,0.18444444444444444
S6,5,missed_conn_rate,0.0
S6,5,total_pax_served,26562.0
S6,6,avg_journey_time,32.68933471835671
S6,6,avg_jt_eminonu,28.99185175483405
S6,6,avg_jt_besiktas,38.74672087321967
S6,6,avg_jt_kadikoy,32.617611603880256
S6,6,avg_jt_uskudar,32.791986181622924
S6,6,loss_rate,0.0
S6,6,left_behind_rate,0.0020319196098714347
S6,6,throughput,1783.0666666666666
S6,6,load_factor_L1,0.30049479166666665
S6,6,load_factor_L2,0.45307142857142857
S6,6,load_factor_L3,0.36592857142857144
S6,6,load_factor_L4,0.42793478260869566
S6,6,avg_wait_kadikoy,6.588687612806607
S6,6,avg_wait_uskudar,11.863111585938816
S6,6,avg_wait_eminonu,5.867100232480603
S6,6,avg_wait_besiktas,11.2402424487693
S6,6,berth_util_kadikoy,0.18444444444444444
S6,6,berth_util_eminonu,0.18444444444444444
S6,6,missed_conn_rate,0.0
S6,6,total_pax_served,26746.0
S6,7,avg_journey_time,32.747100930563455
S6,7,avg_jt_eminonu,28.95167731435365
S6,7,avg_jt_besiktas,38.67111583305382
S6,7,avg_jt_kadikoy,32.76366636162553
S6,7,avg_jt_uskudar,33.077115767526486
S6,7,loss_rate,0.0
S6,7,left_behind_rate,0.0025340985317134977
S6,7,throughput,1768.4
S6,7,load_factor_L1,0.2959114583333333
S6,7,load_factor_L2,0.44857142857142857
S6,7,load_factor_L3,0.364
S6,7,load_factor_L4,0.43228260869565216
S6,7,avg_wait_kadikoy,6.495530946796879
S6,7,avg_wait_uskudar,11.938756095414096
S6,7,avg_wait_eminonu,6.0633105009910135
S6,7,avg_wait_besiktas,11.491784995667219
S6,7,berth_util_kadikoy,0.18444444444444444
S6,7,berth_util_eminonu,0.18444444444444444
S6,7,missed_conn_rate,0.0
S6,7,total_pax_served,26526.0
S6,8,avg_journey_time,32.806158360341485
S6,8,avg_jt_eminonu,29.01136149878165
S6,8,avg_jt_besiktas,38.73500302366191
S6,8,avg_jt_kadikoy,32.653890171716355
S6,8,avg_jt_uskudar,33.10052855389743
S6,8,loss_rate,0.0
S6,8,left_behind_rate,0.001714946128322708
S6,8,throughput,1764.8
S6,8,load_factor_L1,0.29333333333333333
S6,8,load_factor_L2,0.45435714285714285
S6,8,load_factor_L3,0.36114285714285715
S6,8,load_factor_L4,0.43271739130434783
S6,8,avg_wait_kadikoy,6.605401528964586
S6,8,avg_wait_uskudar,11.959692113736313
S6,8,avg_wait_eminonu,6.062988556656073
S6,8,avg_wait_besiktas,11.274017961384333
S6,8,berth_util_kadikoy,0.18444444444444444
S6,8,berth_util_eminonu,0.18444444444444444
S6,8,missed_conn_rate,0.0
S6,8,total_pax_served,26472.0
S6,9,avg_journey_time,32.73943835845655
S6,9,avg_jt_eminonu,28.9480900361254
S6,9,avg_jt_besiktas,38.73820322396088
S6,9,avg_jt_kadikoy,32.8553612454612
S6,9,avg_jt_uskudar,32.82025102437012
S6,9,loss_rate,0.0
S6,9,left_behind_rate,0.002257252812314979
S6,9,throughput,1779.3333333333333
S6,9,load_factor_L1,0.29565104166666667
S6,9,load_factor_L2,0.4549285714285714
S6,9,load_factor_L3,0.36678571428571427
S6,9,load_factor_L4,0.4369565217391304
S6,9,avg_wait_kadikoy,6.497983066440668
S6,9,avg_wait_uskudar,11.981598428380888
S6,9,avg_wait_eminonu,5.852854412959517
S6,9,avg_wait_besiktas,11.325902556720685
S6,9,berth_util_kadikoy,0.18444444444444444
S6,9,berth_util_eminonu,0.18444444444444444
S6,9,missed_conn_rate,0.0
S6,9,total_pax_served,26690.0
S6,10,avg_journey_time,32.92728368371651
S6,10,avg_jt_eminonu,29.133706633730796
S6,10,avg_jt_besiktas,38.85825294112563
S6,10,avg_jt_kadikoy,32.82225190802127
S6,10,avg_jt_uskudar,33.22949752910596
S6,10,loss_rate,0.0
S6,10,left_behind_rate,0.005386193756412135
S6,10,throughput,1795.5333333333333
S6,10,load_factor_L1,0.29765625
S6,10,load_factor_L2,0.47135714285714286
S6,10,load_factor_L3,0.3635
S6,10,load_factor_L4,0.43467391304347824
S6,10,avg_wait_kadikoy,6.695852176623672
S6,10,avg_wait_uskudar,12.107697480237952
S6,10,avg_wait_eminonu,5.975795478082642
S6,10,avg_wait_besiktas,11.515190349984904
S6,10,berth_util_kadikoy,0.18444444444444444
S6,10,berth_util_eminonu,0.18444444444444444
S6,10,missed_conn_rate,0.0
S6,10,total_pax_served,26933.0
S6,11,avg_journey_time,32.77057949634177
S6,11,avg_jt_eminonu,28.995466257192838
S6,11,avg_jt_besiktas,38.63231700732807
S6,11,avg_jt_kadikoy,32.91181730685596
S6,11,avg_jt_uskudar,32.92526306548877
S6,11,loss_rate,0.0
S6,11,left_behind_rate,0.0020714655618850335
S6,11,throughput,1780.6
S6,11,load_factor_L1,0.2964322916666667
S6,11,load_factor_L2,0.4609285714285714
S6,11,load_factor_L3,0.36307142857142854
S6,11,load_factor_L4,0.4305434782608696
S6,11,avg_wait_kadikoy,6.528498376806585
S6,11,avg_wait_uskudar,11.921726076541608
S6,11,avg_wait_eminonu,5.90209898343561
S6,11,avg_wait_besiktas,11.523426920564521
S6,11,berth_util_kadikoy,0.18444444444444444
S6,11,berth_util_eminonu,0.18444444444444444
S6,11,missed_conn_rate,0.0
S6,11,total_pax_served,26709.0
S6,12,avg_journey_time,32.7825536372291
S6,12,avg_jt_eminonu,29.110407220168934
S6,12,avg_jt_besiktas,38.63427635016984
S6,12,avg_jt_kadikoy,32.65006690416475
S6,12,avg_jt_uskudar,33.15384203748102
S6,12,loss_rate,0.0
S6,12,left_behind_rate,0.0027820484662127534
S6,12,throughput,1799.0666666666666
S6,12,load_factor_L1,0.30059895833333333
S6,12,load_factor_L2,0.4545
S6,12,load_factor_L3,0.3757857142857143
S6,12,load_factor_L4,0.4358695652173913
S6,12,avg_wait_kadikoy,6.591206984565378
S6,12,avg_wait_uskudar,12.013246669987193
S6,12,avg_wait_eminonu,6.100240817498597
S6,12,avg_wait_besiktas,11.578517489347218
S6,12,berth_util_kadikoy,0.18444444444444444
S6,12,berth_util_eminonu,0.18444444444444444
S6,12,missed_conn_rate,0.0
S6,12,total_pax_served,26986.0
S6,13,avg_journey_time,32.774087493497106
S6,13,avg_jt_eminonu,28.86095725986252
S6,13,avg_jt_besiktas,38.77283759408439
S6,13,avg_jt_kadikoy,32.87641402727432
S6,13,avg_jt_uskudar,33.10830109837048
S6,13,loss_rate,0.0
S6,13,left_behind_rate,0.0024307601649970535
S6,13,throughput,1787.0666666666666
S6,13,load_factor_L1,0.2971875
S6,13,load_factor_L2,0.4627857142857143
S6,13,load_factor_L3,0.36328571428571427
S6,13,load_factor_L4,0.4351086956521739
S6,13,avg_wait_kadikoy,6.495832579016215
S6,13,avg_wait_uskudar,11.950137313401777
S6,13,avg_wait_eminonu,6.0380291124591245
S6,13,avg_wait_besiktas,11.411206064513232
S6,13,berth_util_kadikoy,0.18444444444444444
S6,13,berth_util_eminonu,0.18444444444444444
S6,13,missed_conn_rate,0.0
S6,13,total_pax_served,26806.0
S6,14,avg_journey_time,32.89549860845192
S6,14,avg_jt_eminonu,29.077385843644524
S6,14,avg_jt_besiktas,39.101479061546044
S6,14,avg_jt_kadikoy,32.49443294411942
S6,14,avg_jt_uskudar,33.01697468427069
S6,14,loss_rate,0.0
S6,14,left_behind_rate,0.007688063270185765
S6,14,throughput,1789.9333333333334
S6,14,load_factor_L1,0.2990625
S6,14,load_factor_L2,0.4610714285714286
S6,14,load_factor_L3,0.36414285714285716
S6,14,load_factor_L4,0.4323913043478261
S6,14,avg_wait_kadikoy,6.814021681084762
S6,14,avg_wait_uskudar,12.035269463816384
S6,14,avg_wait_eminonu,5.90501682600858
S6,14,avg_wait_besiktas,11.378093425508839
S6,14,berth_util_kadikoy,0.18444444444444444
S6,14,berth_util_eminonu,0.18444444444444444
S6,14,missed_conn_rate,0.0
S6,14,total_pax_served,26849.0
S6,15,avg_journey_time,32.771972984748906
S6,15,avg_jt_eminonu,29.06769667519604
S6,15,avg_jt_besiktas,38.6729645170146
S6,15,avg_jt_kadikoy,32.80200863668494
S6,15,avg_jt_uskudar,32.927102344198005
S6,15,loss_rate,0.0
S6,15,left_behind_rate,0.0013562055567773624
S6,15,throughput,1798.6
S6,15,load_factor_L1,0.30203125
S6,15,load_factor_L2,0.4585
S6,15,load_factor_L3,0.37164285714285716
S6,15,load_factor_L4,0.4291304347826087
S6,15,avg_wait_kadikoy,6.6207848798375455
S6,15,avg_wait_uskudar,11.88390923529081
S6,15,avg_wait_eminonu,6.186601433489832
S6,15,avg_wait_besiktas,11.251702895983769
S6,15,berth_util_kadikoy,0.18444444444444444
S6,15,berth_util_eminonu,0.18444444444444444
S6,15,missed_conn_rate,0.0
S6,15,total_pax_served,26979.0
S6,16,avg_journey_time,32.784348533311864
S6,16,avg_jt_eminonu,28.970232772519203
S6,16,avg_jt_besiktas,38.678747747824154
S6,16,avg_jt_kadikoy,32.81787177638329
S6,16,avg_jt_uskudar,33.41419747646568
S6,16,loss_rate,0.0
S6,16,left_behind_rate,0.0017602405662107154
S6,16,throughput,1797.0666666666666
S6,16,load_factor_L1,0.30205729166666667
S6,16,load_factor_L2,0.4546428571428571
S6,16,load_factor_L3,0.3678571428571429
S6,16,load_factor_L4,0.43728260869565216
S6,16,avg_wait_kadikoy,6.489831447838111
S6,16,avg_wait_uskudar,12.010698731170717
S6,16,avg_wait_eminonu,6.212443411032852
S6,16,avg_wait_besiktas,11.554898849781614
S6,16,berth_util_kadikoy,0.18444444444444444
S6,16,berth_util_eminonu,0.18444444444444444
S6,16,missed_conn_rate,0.0
S6,16,total_pax_served,26956.0
S6,17,avg_journey_time,32.82248061834348
S6,17,avg_jt_eminonu,28.991616286543945
S6,17,avg_jt_besiktas,38.76917938084716
S6,17,avg_jt_kadikoy,32.83222936670599
S6,17,avg_jt_uskudar,33.398301749461154
S6,17,loss_rate,0.0
S6,17,left_behind_rate,0.003809942484522109
S6,17,throughput,1798.1333333333334
S6,17,load_factor_L1,0.302265625
S6,17,load_factor_L2,0.4577857142857143
S6,17,load_factor_L3,0.3645
S6,17,load_factor_L4,0.4383695652173913
S6,17,avg_wait_kadikoy,6.606360607679652
S6,17,avg_wait_uskudar,11.89408192380051
S6,17,avg_wait_eminonu,6.1589652472635565
S6,17,avg_wait_besiktas,11.398422469885833
S6,17,berth_util_kadikoy,0.18444444444444444
S6,17,berth_util_eminonu,0.18444444444444444
S6,17,missed_conn_rate,0.0
S6,17,total_pax_served,26972.0
S6,18,avg_journey_time,32.87258840246917
S6,18,avg_jt_eminonu,29.077769416586676
S6,18,avg_jt_besiktas,38.766320750835796
S6,18,avg_jt_kadikoy,32.812953611963486
S6,18,avg_jt_uskudar,33.27965708523685
S6,18,loss_rate,0.0
S6,18,left_behind_rate,0.004216006159035084
S6,18,throughput,1797.5333333333333
S6,18,load_factor_L1,0.29875
S6,18,load_factor_L2,0.46164285714285713
S6,18,load_factor_L3,0.3673571428571429
S6,18,load_factor_L4,0.43967391304347825
S6,18,avg_wait_kadikoy,6.6270859785079095
S6,18,avg_wait_uskudar,12.03424823310481
S6,18,avg_wait_eminonu,5.983623711412827
S6,18,avg_wait_besiktas,11.681482258480727
S6,18,berth_util_kadikoy,0.18444444444444444
S6,18,berth_util_eminonu,0.18444444444444444
S6,18,missed_conn_rate,0.0
S6,18,total_pax_served,26963.0
S6,19,avg_journey_time,32.91811819033148
S6,19,avg_jt_eminonu,29.044643330310898
S6,19,avg_jt_besiktas,39.250810269562734
S6,19,avg_jt_kadikoy,32.63554677587004
S6,19,avg_jt_uskudar,32.870169128063196
S6,19,loss_rate,0.0
S6,19,left_behind_rate,0.008074030379000147
S6,19,throughput,1786.3333333333333
S6,19,load_factor_L1,0.2989322916666667
S6,19,load_factor_L2,0.4567857142857143
S6,19,load_factor_L3,0.36614285714285716
S6,19,load_factor_L4,0.4323913043478261
S6,19,avg_wait_kadikoy,6.765163624386686
S6,19,avg_wait_uskudar,12.19030997176096
S6,19,avg_wait_eminonu,5.965229751505176
S6,19,avg_wait_besiktas,11.440949732748887
S6,19,berth_util_kadikoy,0.18444444444444444
S6,19,berth_util_eminonu,0.18444444444444444
S6,19,missed_conn_rate,0.0
S6,19,total_pax_served,26795.0
S6,20,avg_journey_time,32.75154897695636
S6,20,avg_jt_eminonu,29.163916490392616
S6,20,avg_jt_besiktas,38.385209282022736
S6,20,avg_jt_kadikoy,32.528107846326044
S6,20,avg_jt_uskudar,33.28883738414612
S6,20,loss_rate,0.0
S6,20,left_behind_rate,0.0017178922209358778
S6,20,throughput,1761.6666666666667
S6,20,load_factor_L1,0.29638020833333334
S6,20,load_factor_L2,0.4524285714285714
S6,20,load_factor_L3,0.3549285714285714
S6,20,load_factor_L4,0.42728260869565216
S6,20,avg_wait_kadikoy,6.5270600497046996
S6,20,avg_wait_uskudar,12.003741346314227
S6,20,avg_wait_eminonu,5.8898074963183715
S6,20,avg_wait_besiktas,11.46297490268374
S6,20,berth_util_kadikoy,0.18444444444444444
S6,20,berth_util_eminonu,0.18444444444444444
S6,20,missed_conn_rate,0.0
S6,20,total_pax_served,26425.0
